energy,sink_distance,neighbors,coverage_contribution,overlap_ratio,node_density,label
1.178392730173686,56.343141105335384,8.0,0.0,1.0,0.6366197723675814,0
0.48719342440344315,134.7597637034977,11.0,0.0,1.0,0.8753521870054244,0
1.0213380140918504,77.26724869043952,8.0,0.0,1.0,0.6366197723675814,0
1.463891822594393,149.3976049389246,6.0,0.2777777777777778,0.7222222222222222,0.477464829275686,1
0.5181899606485207,132.98829554931407,10.0,0.30864197530864196,0.691358024691358,0.7957747154594768,1
0.9297077179586853,123.69597074697226,8.0,0.02531645569620253,0.9746835443037974,0.6366197723675814,0
1.0342234736668554,121.06851250403578,10.0,0.06329113924050633,0.9367088607594937,0.7957747154594768,0
0.7396342119524301,126.05075273752557,7.0,0.0,1.0,0.5570423008216338,0
0.5396085385900317,71.61726415167601,10.0,0.21794871794871795,0.782051282051282,0.7957747154594768,1
0.35574049526399726,90.76970497092205,6.0,0.0,1.0,0.477464829275686,0
0.37806191158233543,133.38185786934991,11.0,0.0,1.0,0.8753521870054244,0
1.2700768177397532,69.78877772473469,7.0,0.0,1.0,0.5570423008216338,0
1.1210796318145881,141.58740336032585,11.0,0.0,1.0,0.8753521870054244,0
0.8942122921335242,137.9260798484203,14.0,0.013157894736842105,0.9868421052631579,1.1140846016432675,0
0.6105359779200202,75.21279390300862,6.0,0.16129032258064516,0.8387096774193549,0.477464829275686,1
0.9240816254133729,119.93515162787855,13.0,0.02531645569620253,0.9746835443037974,1.0345071300973196,0
1.4635015533174702,131.5974792063809,12.0,0.0379746835443038,0.9620253164556962,0.954929658551372,0
1.3737928205131786,62.438730528280495,11.0,0.16901408450704225,0.8309859154929577,0.8753521870054244,1
0.4061910024623034,58.635638137681866,10.0,0.02666666666666667,0.9733333333333334,0.7957747154594768,0
0.6903963969159171,148.61998724510238,10.0,0.0,1.0,0.7957747154594768,0
1.2944850109823152,123.36838928809206,11.0,0.0,1.0,0.8753521870054244,0
0.9512352997898981,122.74527604288893,10.0,0.025974025974025976,0.974025974025974,0.7957747154594768,0
0.38946077241572497,78.47703268337513,13.0,0.0,1.0,1.0345071300973196,0
0.5384588178410069,87.56063983596235,9.0,0.3076923076923077,0.6923076923076923,0.716197243913529,1
1.1482288126171405,84.44533335756455,8.0,0.0,1.0,0.6366197723675814,0
0.3888535820809084,76.3865950696439,15.0,0.0,1.0,1.1936620731892151,0
1.335724111050712,139.13484144441867,13.0,0.0,1.0,1.0345071300973196,0
0.3762700203432284,117.55857503273087,10.0,0.05063291139240506,0.9493670886075949,0.7957747154594768,0
1.1755274140056768,118.99251697262778,10.0,0.024691358024691357,0.9753086419753086,0.7957747154594768,0
0.8666579101943391,62.803684667897286,12.0,0.0,1.0,0.954929658551372,0
1.2129420583402768,87.38949036097188,11.0,0.0,1.0,0.8753521870054244,0
0.8925547156372688,73.16035454024102,9.0,0.0125,0.9875,0.716197243913529,0
0.3305029520929142,107.26998875897806,8.0,0.0,1.0,0.6366197723675814,0
1.0636924935165364,152.00162399389276,6.0,0.2833333333333333,0.7166666666666667,0.477464829275686,1
1.3890797687113117,100.86603869389181,7.0,0.012345679012345678,0.9876543209876543,0.5570423008216338,0
1.2066613662516583,111.80875461150252,12.0,0.025,0.975,0.954929658551372,0
0.6477017434965217,144.86326698206068,11.0,0.0,1.0,0.8753521870054244,0
1.2697444554773003,66.33368555669182,7.0,0.05333333333333334,0.9466666666666667,0.5570423008216338,0
1.2644064922789373,64.25405449761631,14.0,0.0,1.0,1.1140846016432675,0
0.9472106902987808,68.35370496924084,12.0,0.07407407407407407,0.9259259259259259,0.954929658551372,0
0.6816041699662366,67.76615431285732,12.0,0.0,1.0,0.954929658551372,0
0.8125293463515075,133.04918084158822,8.0,0.0641025641025641,0.9358974358974359,0.6366197723675814,0
0.3083425566374288,71.40019457456071,13.0,0.0,1.0,1.0345071300973196,0
0.5665293725648762,108.26423419652617,8.0,0.0379746835443038,0.9620253164556962,0.6366197723675814,0
1.431491644695023,122.29639523319456,9.0,0.0,1.0,0.716197243913529,0
1.1436227506742134,99.70100537230444,8.0,0.03896103896103896,0.961038961038961,0.6366197723675814,0
1.4549367539305333,54.55373987930025,7.0,0.0,1.0,0.5570423008216338,0
0.6610539717801236,103.30162571812606,7.0,0.0,1.0,0.5570423008216338,0
1.0314772007758761,147.88486797780462,10.0,0.0,1.0,0.7957747154594768,0
0.6343757570839337,144.8523726159068,12.0,0.058823529411764705,0.9411764705882353,0.954929658551372,0
0.4738738465094677,132.49095294031036,6.0,0.08974358974358974,0.9102564102564102,0.477464829275686,0
0.5904663258138004,51.44576752487942,8.0,0.0,1.0,0.6366197723675814,0
0.5851650527908796,75.81795560076996,11.0,0.02531645569620253,0.9746835443037974,0.8753521870054244,0
1.0587669967122952,115.4988197484614,9.0,0.0759493670886076,0.9240506329113924,0.716197243913529,0
0.40834772406528996,97.34272666856111,8.0,0.6329113924050633,0.3670886075949367,0.6366197723675814,1
0.5238222124798251,122.59638733325033,8.0,0.012987012987012988,0.987012987012987,0.6366197723675814,0
1.113077234210739,101.85102411654898,6.0,0.0,1.0,0.477464829275686,0
0.5717949302375255,109.98397395080575,5.0,0.0,1.0,0.3978873577297384,0
1.129125285722959,133.35589614352432,12.0,0.08860759493670886,0.9113924050632911,0.954929658551372,0
0.4650251329751919,57.45450264045268,8.0,0.0,1.0,0.6366197723675814,0
1.4096323419342753,139.56058114917158,13.0,0.0,1.0,1.0345071300973196,0
1.0919808552410148,129.81117008073127,7.0,0.0,1.0,0.5570423008216338,0
0.9355806940272078,99.66320437868808,7.0,0.23076923076923078,0.7692307692307693,0.5570423008216338,1
1.376658909543992,143.03845852318062,11.0,0.038461538461538464,0.9615384615384616,0.8753521870054244,0
0.7068357492584408,95.49071702967719,9.0,0.012987012987012988,0.987012987012987,0.716197243913529,0
1.3765323119430926,78.85951835141569,6.0,0.075,0.925,0.477464829275686,0
1.0704379753851452,81.75665901345343,14.0,0.0,1.0,1.1140846016432675,0
1.3782650262324951,140.1491087253271,8.0,0.1794871794871795,0.8205128205128205,0.6366197723675814,1
0.4217658514392385,149.45971282083258,8.0,0.0,1.0,0.6366197723675814,0
0.4929696617009984,150.38529504555424,7.0,0.0,1.0,0.5570423008216338,0
1.0823535114031206,80.95729452854499,8.0,0.06329113924050633,0.9367088607594937,0.6366197723675814,0
0.5846989049961601,83.46789760033083,8.0,0.0,1.0,0.6366197723675814,0
1.0795594788566576,77.34729911017479,8.0,0.1,0.9,0.6366197723675814,0
0.9819703240025659,91.19062614412613,10.0,0.0,1.0,0.7957747154594768,0
0.6182428412180705,120.29828331862836,8.0,0.05,0.95,0.6366197723675814,0
0.7717172696001124,58.58832461331302,7.0,0.05084745762711865,0.9491525423728814,0.5570423008216338,0
1.253773564249978,95.32159192230088,9.0,0.0,1.0,0.716197243913529,0
0.8910212325826367,92.30998821784952,6.0,0.02564102564102564,0.9743589743589743,0.477464829275686,0
0.6369268349290269,83.51392396167063,11.0,0.0,1.0,0.8753521870054244,0
0.5125328152884587,97.80045484833947,10.0,0.03571428571428571,0.9642857142857143,0.7957747154594768,0
1.3978372682645381,70.15680747757787,8.0,0.0,1.0,0.6366197723675814,0
1.4139822751052704,149.0210663137019,10.0,0.0,1.0,0.7957747154594768,0
1.4563439725071035,53.81585255315114,8.0,0.0,1.0,0.6366197723675814,0
0.7621172743223102,125.61724202837809,8.0,0.0,1.0,0.6366197723675814,0
0.503391296023311,123.40869110266827,8.0,0.0379746835443038,0.9620253164556962,0.6366197723675814,0
1.1352357560099675,56.66990578062949,10.0,0.013513513513513514,0.9864864864864865,0.7957747154594768,0
1.0380086720390036,140.4571948026717,10.0,0.0,1.0,0.7957747154594768,0
0.9219955828364841,144.55186825555825,3.0,0.6041666666666666,0.3958333333333333,0.238732414637843,1
1.1364188891943214,84.78459336478552,12.0,0.0,1.0,0.954929658551372,0
0.652310213117392,115.83437479496912,10.0,0.0,1.0,0.7957747154594768,0
1.3404867822961244,75.60739730476674,16.0,0.0,1.0,1.2732395447351628,0
0.9018195536246395,107.1546362304134,5.0,0.5063291139240507,0.4936708860759494,0.3978873577297384,1
1.142360252709244,90.08558890153344,10.0,0.1125,0.8875,0.7957747154594768,0
0.7055941882218429,67.79283046924938,12.0,0.0,1.0,0.954929658551372,0
0.9939361691954087,141.15120924623494,14.0,0.0,1.0,1.1140846016432675,0
0.951173561649092,113.37270541626992,6.0,0.0,1.0,0.477464829275686,0
0.3366002999268593,93.38890711056303,10.0,0.05063291139240506,0.9493670886075949,0.7957747154594768,0
0.7322287696935155,82.03149997849862,9.0,0.0,1.0,0.716197243913529,0
1.223992263718333,104.6466484762762,13.0,0.07692307692307693,0.9230769230769231,1.0345071300973196,0
0.4024169579925216,92.19971831963315,13.0,0.02564102564102564,0.9743589743589743,1.0345071300973196,0
0.3341690717737163,92.94770836809317,11.0,0.0,1.0,0.8753521870054244,0
1.300676235163292,87.84484156063694,17.0,0.0,1.0,1.3528170162811104,0
1.1658526341219655,63.637028330892434,14.0,0.0,1.0,1.1140846016432675,0
0.7225583448319369,99.53006086149239,13.0,0.25,0.75,1.0345071300973196,1
1.458579866894363,78.20212824064866,19.0,0.0,1.0,1.5119719593730057,0
1.0242581067494623,144.15036505502889,7.0,0.0,1.0,0.5570423008216338,0
1.122367594536214,124.50016416727883,13.0,0.0,1.0,1.0345071300973196,0
0.4654430850745273,145.16254285195035,6.0,0.0,1.0,0.477464829275686,0
0.9247984760219603,59.47300037764326,7.0,0.0,1.0,0.5570423008216338,0
0.9503541266755122,76.92266665217656,13.0,0.0641025641025641,0.9358974358974359,1.0345071300973196,0
0.7835973968325448,80.60213270309491,8.0,0.024691358024691357,0.9753086419753086,0.6366197723675814,0
0.7123578934710718,56.54456451229624,10.0,0.19696969696969696,0.803030303030303,0.7957747154594768,1
0.9457937390970688,76.27750773677352,11.0,0.0,1.0,0.8753521870054244,0
0.4234169917928994,146.5086471848345,8.0,0.0,1.0,0.6366197723675814,0
0.49147236107784487,64.1965715717233,9.0,0.4875,0.5125,0.716197243913529,1
0.4971637488242042,85.74018609110685,20.0,0.05,0.95,1.5915494309189535,0
1.1168133218116305,103.21980323453832,10.0,0.07692307692307693,0.9230769230769231,0.7957747154594768,0
0.5687239242023732,145.6762682930224,6.0,0.0,1.0,0.477464829275686,0
0.9001400565609519,138.16146681331244,9.0,0.22077922077922077,0.7792207792207793,0.716197243913529,1
0.513932307043382,149.17776632695362,6.0,0.47058823529411764,0.5294117647058824,0.477464829275686,1
1.4391169547822327,62.50751720629428,6.0,0.36363636363636365,0.6363636363636364,0.477464829275686,1
1.0647468372208284,103.91100435762377,12.0,0.10526315789473684,0.8947368421052632,0.954929658551372,0
0.3613211956749295,139.35037437300886,11.0,0.0,1.0,0.8753521870054244,0
1.1043125044003628,70.13758649953391,8.0,0.11392405063291139,0.8860759493670886,0.6366197723675814,0
1.087914403439431,108.60871939997762,13.0,0.0,1.0,1.0345071300973196,0
0.9355480785036173,88.89959773505075,16.0,0.0,1.0,1.2732395447351628,0
1.2414262199707855,142.80343674594602,8.0,0.175,0.825,0.6366197723675814,1
0.8962398235160903,82.64128553087305,10.0,0.0,1.0,0.7957747154594768,0
0.658824491583374,138.08724892756462,7.0,0.10526315789473684,0.8947368421052632,0.5570423008216338,0
1.3847656289431343,147.7154324344079,7.0,0.0,1.0,0.5570423008216338,0
1.0570160443578158,98.65981064230256,12.0,0.13157894736842105,0.868421052631579,0.954929658551372,1
1.3106632942211107,149.17608598916192,10.0,0.06,0.94,0.7957747154594768,0
1.152645768076261,95.52889571621435,11.0,0.0,1.0,0.8753521870054244,0
0.7109481214344006,82.42868158247511,10.0,0.0,1.0,0.7957747154594768,0
1.46260317142965,126.32506575767385,7.0,0.02631578947368421,0.9736842105263158,0.5570423008216338,0
0.45520852782390936,136.91143166957028,11.0,0.025,0.975,0.8753521870054244,0
1.180281135801632,123.14174859427115,6.0,0.04225352112676056,0.9577464788732394,0.477464829275686,0
0.7662375264573115,89.9847500840044,11.0,0.0,1.0,0.8753521870054244,0
0.5861572655933562,88.23484378689979,9.0,0.0,1.0,0.716197243913529,0
0.7736508888446466,80.71690681407512,14.0,0.0,1.0,1.1140846016432675,0
1.3143706763586556,84.25506506150077,17.0,0.0,1.0,1.3528170162811104,0
0.7279171971231556,107.11045693854238,8.0,0.0,1.0,0.6366197723675814,0
0.7685270409385245,88.57229753764042,17.0,0.0,1.0,1.3528170162811104,0
0.7278024166912233,114.8615427095135,10.0,0.0,1.0,0.7957747154594768,0
0.32796659087834534,59.64225035822848,8.0,0.0,1.0,0.6366197723675814,0
0.3897056251888945,94.03221320798251,12.0,0.02531645569620253,0.9746835443037974,0.954929658551372,0
1.0509281412393834,144.36915316041734,9.0,0.0,1.0,0.716197243913529,0
1.3575954061519862,88.43496748599235,16.0,0.0,1.0,1.2732395447351628,0
1.3919565598452337,124.91869268954694,14.0,0.02564102564102564,0.9743589743589743,1.1140846016432675,0
1.3231610852766496,114.30892621273127,12.0,0.02666666666666667,0.9733333333333334,0.954929658551372,0
0.35461159338997306,76.30109287801467,20.0,0.0,1.0,1.5915494309189535,0
0.9971092814452016,128.27321411478482,13.0,0.0,1.0,1.0345071300973196,0
0.3746688475703269,65.27689791382436,3.0,0.4375,0.5625,0.238732414637843,1
1.4344585030822017,107.217984329261,5.0,0.09333333333333334,0.9066666666666666,0.3978873577297384,0
1.076656176962046,123.67291553984995,9.0,0.1125,0.8875,0.716197243913529,0
0.9134835594935606,86.97808060859337,11.0,0.012658227848101266,0.9873417721518988,0.8753521870054244,0
1.2595936394438714,81.4290907658435,21.0,0.0,1.0,1.6711269024649011,0
1.0311259980812792,125.52105934427696,10.0,0.0,1.0,0.7957747154594768,0
1.2785990604937387,125.16249866142695,3.0,0.2857142857142857,0.7142857142857143,0.238732414637843,1
1.1278918827404052,71.40895107294988,9.0,0.0641025641025641,0.9358974358974359,0.716197243913529,0
0.4951323458274952,116.92926696124425,8.0,0.0125,0.9875,0.6366197723675814,0
0.30142639343933963,131.4746498165204,8.0,0.35443037974683544,0.6455696202531646,0.6366197723675814,1
1.1862222632421568,63.12152324906616,12.0,0.0,1.0,0.954929658551372,0
0.8453034494167784,98.89404021882125,9.0,0.05194805194805195,0.948051948051948,0.716197243913529,0
1.0713744143316815,113.44565674234768,9.0,0.15384615384615385,0.8461538461538461,0.716197243913529,1
1.176678152224157,140.33590020817093,11.0,0.012658227848101266,0.9873417721518988,0.8753521870054244,0
0.8436582748445529,98.2836530457065,7.0,0.041666666666666664,0.9583333333333334,0.5570423008216338,0
0.32134951018444663,91.89940896065069,16.0,0.0,1.0,1.2732395447351628,0
0.7451254877637791,103.158961020905,8.0,0.14102564102564102,0.8589743589743589,0.6366197723675814,1
0.8356891412989218,123.7134846749565,8.0,0.0,1.0,0.6366197723675814,0
0.9251114329759595,89.01556497795784,8.0,0.0,1.0,0.6366197723675814,0
1.0474077384358966,143.30371140512955,9.0,0.04054054054054054,0.9594594594594594,0.716197243913529,0
1.1217328537408349,107.20017516743786,10.0,0.0,1.0,0.7957747154594768,0
1.0307946118504203,137.00790421811467,10.0,0.0,1.0,0.7957747154594768,0
1.2598975624687592,153.19239404964927,6.0,0.16,0.84,0.477464829275686,1
0.8371783748577645,146.6688678892688,6.0,0.014925373134328358,0.9850746268656716,0.477464829275686,0
0.7430064714790255,88.15030733317943,11.0,0.012987012987012988,0.987012987012987,0.8753521870054244,0
1.0104986975332384,119.60178991702917,8.0,0.0375,0.9625,0.6366197723675814,0
1.3554044332437827,61.884523410646736,10.0,0.03333333333333333,0.9666666666666667,0.7957747154594768,0
1.384804591666439,89.48314143029025,16.0,0.0,1.0,1.2732395447351628,0
1.2517827192812578,101.39532317472069,9.0,0.0,1.0,0.716197243913529,0
0.6066377627680207,120.21682378015907,4.0,0.05128205128205128,0.9487179487179487,0.3183098861837907,0
1.4321404606617063,78.57537723558808,19.0,0.0,1.0,1.5119719593730057,0
1.0105434048715503,146.93237479726332,7.0,0.0,1.0,0.5570423008216338,0
0.32849520872085197,100.91470896090355,11.0,0.02564102564102564,0.9743589743589743,0.8753521870054244,0
0.7871481554525069,66.94882489444079,16.0,0.0,1.0,1.2732395447351628,0
1.3366208885267699,81.23952502027724,10.0,0.0,1.0,0.7957747154594768,0
0.644004354714405,80.43763514149904,13.0,0.0,1.0,1.0345071300973196,0
0.984890539697238,70.15052538596277,19.0,0.0,1.0,1.5119719593730057,0
0.6994695117202787,150.86275378672354,6.0,0.0,1.0,0.477464829275686,0
1.3746741209025324,70.68615847179765,12.0,0.20512820512820512,0.7948717948717948,0.954929658551372,1
1.2903235571368303,86.92803310844693,14.0,0.15,0.85,1.1140846016432675,1
0.3805659953247432,84.18959098688336,12.0,0.3055555555555556,0.6944444444444444,0.954929658551372,1
0.6013153394415429,85.5925178792562,17.0,0.0,1.0,1.3528170162811104,0
0.3863129051120018,148.73310870975556,6.0,0.09615384615384616,0.9038461538461539,0.477464829275686,0
0.9919866922274555,121.40111054750304,4.0,0.03896103896103896,0.961038961038961,0.3183098861837907,0
0.60929254286066,64.6373828733748,12.0,0.012987012987012988,0.987012987012987,0.954929658551372,0
1.4971787946970019,76.52420310508901,10.0,0.0,1.0,0.7957747154594768,0
0.7007373187566376,117.37768128209282,12.0,0.0,1.0,0.954929658551372,0
0.7559636107768153,120.26220986578046,12.0,0.0,1.0,0.954929658551372,0
1.4728333833754588,126.63427566520082,15.0,0.0,1.0,1.1936620731892151,0
0.9857706455651238,70.57054800215263,3.0,0.0,1.0,0.238732414637843,1
1.27202847815844,138.92503519137736,7.0,0.0,1.0,0.5570423008216338,0
0.9631585476334436,57.52682235447281,5.0,0.08163265306122448,0.9183673469387755,0.3978873577297384,0
0.8260354141318655,141.43329019472486,12.0,0.08974358974358974,0.9102564102564102,0.954929658551372,0
1.1919182940585697,115.08472467409773,19.0,0.0,1.0,1.5119719593730057,0
0.9631403261496435,68.90631514761354,7.0,0.0,1.0,0.5570423008216338,0
1.2052896992800648,111.12637002949037,17.0,0.0,1.0,1.3528170162811104,0
1.3586501081882547,121.73010603500121,16.0,0.012658227848101266,0.9873417721518988,1.2732395447351628,0
1.2676974723552212,60.314615151064054,7.0,0.16666666666666666,0.8333333333333334,0.5570423008216338,1
0.5122577611891973,133.5882627267067,15.0,0.0,1.0,1.1936620731892151,0
0.6882663292258643,153.64906287536596,2.0,0.0,1.0,0.15915494309189535,1
0.7910290016174911,104.92235751816882,11.0,0.0,1.0,0.8753521870054244,0
1.0859650718456177,109.04374162068254,11.0,0.0,1.0,0.8753521870054244,0
1.250641037222738,130.36461327156587,19.0,0.0,1.0,1.5119719593730057,0
1.2980989267459329,63.5524220202047,9.0,0.14102564102564102,0.8589743589743589,0.716197243913529,1
0.5775113949102234,103.19868010616825,13.0,0.037037037037037035,0.9629629629629629,1.0345071300973196,0
0.7098493004442173,130.3034900729151,11.0,0.0,1.0,0.8753521870054244,0
0.6448950465194305,66.39462327675567,8.0,0.05128205128205128,0.9487179487179487,0.6366197723675814,0
0.6662867058927177,139.67392347412238,5.0,0.7142857142857143,0.2857142857142857,0.3978873577297384,1
0.49010351979287736,134.0019423147672,15.0,0.012987012987012988,0.987012987012987,1.1936620731892151,0
1.2070432880454645,61.028972479502315,7.0,0.08860759493670886,0.9113924050632911,0.5570423008216338,0
0.8282456631233139,77.2904482721138,12.0,0.0,1.0,0.954929658551372,0
0.7926997495681946,66.37138685519987,9.0,0.12658227848101267,0.8734177215189873,0.716197243913529,1
1.2429658520936513,107.06887006076558,15.0,0.0,1.0,1.1936620731892151,0
0.6145779824605474,113.08633619271676,12.0,0.1282051282051282,0.8717948717948718,0.954929658551372,1
1.345673589260407,110.0119045855303,15.0,0.0,1.0,1.1936620731892151,0
0.883886880859078,65.43058823164426,7.0,0.07692307692307693,0.9230769230769231,0.5570423008216338,0
1.1866160910243517,62.50802941910643,5.0,0.0,1.0,0.3978873577297384,0
1.3570735290672986,132.87101804837098,9.0,0.0,1.0,0.716197243913529,0
0.9388523970353221,109.74502332045883,9.0,0.0,1.0,0.716197243913529,0
0.9310980004669577,100.27512992424091,8.0,0.4050632911392405,0.5949367088607594,0.6366197723675814,1
1.4874521221841985,82.7510009696876,9.0,0.038461538461538464,0.9615384615384616,0.716197243913529,0
0.5712663374397559,138.71926681463117,9.0,0.09090909090909091,0.9090909090909091,0.716197243913529,0
0.827811789972953,132.13088820724315,10.0,0.0,1.0,0.7957747154594768,0
0.5953387221021318,121.71493816110569,17.0,0.0,1.0,1.3528170162811104,0
0.3620409952389359,110.72487187776751,16.0,0.06329113924050633,0.9367088607594937,1.2732395447351628,0
1.2501171239309623,117.06222922885405,13.0,0.0,1.0,1.0345071300973196,0
0.49934898506476993,115.33568701700273,17.0,0.0,1.0,1.3528170162811104,0
0.7216332982821311,107.19835013292186,17.0,0.0,1.0,1.3528170162811104,0
0.9706215457020075,78.62046464849229,7.0,0.03278688524590164,0.9672131147540983,0.5570423008216338,0
0.3808252357743112,92.48039884597509,12.0,0.0,1.0,0.954929658551372,0
0.607693030539651,152.12033574123893,3.0,0.8135593220338984,0.1864406779661017,0.238732414637843,1
0.4374592616138478,149.42124408541858,7.0,0.22641509433962265,0.7735849056603774,0.5570423008216338,1
1.1027144715364263,112.58632268232391,7.0,0.0,1.0,0.5570423008216338,0
1.3722447141830414,104.17716850380229,16.0,0.0,1.0,1.2732395447351628,0
1.3606952526829121,121.12902525454659,14.0,0.0,1.0,1.1140846016432675,0
1.0184394995385733,155.2555280981163,2.0,0.11363636363636363,0.8863636363636364,0.15915494309189535,1
1.0162178134976096,74.15835779848173,6.0,0.44871794871794873,0.5512820512820513,0.477464829275686,1
0.6796477571657683,112.60677649585529,14.0,0.0379746835443038,0.9620253164556962,1.1140846016432675,0
0.7186035092816728,93.31635223557751,13.0,0.0,1.0,1.0345071300973196,0
0.7051183849324331,94.88636832245909,9.0,0.34615384615384615,0.6538461538461539,0.716197243913529,1
0.49276597709523107,97.64815534337639,15.0,0.0,1.0,1.1936620731892151,0
0.30708742690873897,133.16247624234734,10.0,0.14102564102564102,0.8589743589743589,0.7957747154594768,1
0.6075410075086255,143.52639205005437,8.0,0.0,1.0,0.6366197723675814,0
0.9393561090246569,81.67390110585339,12.0,0.10126582278481013,0.8987341772151899,0.954929658551372,0
1.4885122797109205,88.64940594055642,8.0,0.16455696202531644,0.8354430379746836,0.6366197723675814,1
1.2539718279767151,123.11796498705893,18.0,0.0,1.0,1.432394487827058,0
1.284949891488145,78.5453254933606,6.0,0.10126582278481013,0.8987341772151899,0.477464829275686,0
0.5219889007139149,97.19027812325501,9.0,0.0,1.0,0.716197243913529,0
1.3706497827487893,93.13554781082385,13.0,0.0,1.0,1.0345071300973196,0
0.5563564499912105,68.37042019701761,8.0,0.0,1.0,0.6366197723675814,0
0.6553210582028778,116.0724466524914,17.0,0.0,1.0,1.3528170162811104,0
1.1275857193627672,139.79457095628297,11.0,0.0,1.0,0.8753521870054244,0
0.48009873746231946,64.84610504078623,10.0,0.15789473684210525,0.8421052631578947,0.7957747154594768,1
1.0650713541646097,125.55076739316183,15.0,0.0,1.0,1.1936620731892151,0
1.3218479805362031,67.39523518488211,10.0,0.0,1.0,0.7957747154594768,0
0.4388024069223304,98.76235021309579,13.0,0.05128205128205128,0.9487179487179487,1.0345071300973196,0
0.7055907459980123,86.06819893448522,8.0,0.05,0.95,0.6366197723675814,0
0.5244658279132891,132.62600561543547,15.0,0.11688311688311688,0.8831168831168831,1.1936620731892151,0
0.6026639325301285,117.05416964179943,11.0,0.12987012987012986,0.8701298701298701,0.8753521870054244,1
0.6004974990263051,135.87705524988726,14.0,0.0,1.0,1.1140846016432675,0
0.3870936608064006,99.18861758389241,8.0,0.038461538461538464,0.9615384615384616,0.6366197723675814,0
1.2338599414055693,87.1241020553363,9.0,0.24358974358974358,0.7564102564102564,0.716197243913529,1
1.3537889306004187,126.41172052045894,18.0,0.0,1.0,1.432394487827058,0
1.1216654581122738,83.18607583004737,4.0,0.16666666666666666,0.8333333333333334,0.3183098861837907,1
0.3436397534054559,114.03900207074284,18.0,0.0,1.0,1.432394487827058,0
0.7308207639411123,122.79220054870991,18.0,0.0,1.0,1.432394487827058,0
0.3174705997038548,77.04333307891135,10.0,0.0,1.0,0.7957747154594768,0
0.672691454780099,124.28554963118872,16.0,0.0,1.0,1.2732395447351628,0
1.3081155842562906,127.45116357601529,13.0,0.08860759493670886,0.9113924050632911,1.0345071300973196,0
0.7219303063278365,102.67888384700713,13.0,0.0,1.0,1.0345071300973196,0
1.26219735075864,77.91347346470246,12.0,0.10126582278481013,0.8987341772151899,0.954929658551372,0
0.6653586574498636,137.3756409590024,8.0,0.0375,0.9625,0.6366197723675814,0
1.289399760132556,118.00126462950179,16.0,0.0,1.0,1.2732395447351628,0
1.3821316500722618,117.56929527089054,18.0,0.0,1.0,1.432394487827058,0
0.3243996057386621,91.04933088468218,14.0,0.012987012987012988,0.987012987012987,1.1140846016432675,0
1.3977212264279733,147.17792879897564,4.0,0.21666666666666667,0.7833333333333333,0.3183098861837907,1
0.9842579414148797,119.40343653379315,18.0,0.0,1.0,1.432394487827058,0
0.6221943205667461,104.71424894046338,16.0,0.0,1.0,1.2732395447351628,0
0.8385035666613964,126.82419031469333,15.0,0.0,1.0,1.1936620731892151,0
1.1746295298284102,98.23102762125559,7.0,0.19696969696969696,0.803030303030303,0.5570423008216338,1
0.7080843873421142,98.12407276429379,14.0,0.0,1.0,1.1140846016432675,0
1.4206473165813283,144.58817045531444,6.0,0.2894736842105263,0.7105263157894737,0.477464829275686,1
0.8208104249546953,119.81528557994115,11.0,0.19642857142857142,0.8035714285714286,0.8753521870054244,1
0.6129915283508772,96.79850698194271,14.0,0.0,1.0,1.1140846016432675,0
0.9358751676250275,108.17045471499202,16.0,0.0,1.0,1.2732395447351628,0
0.8418360005568002,114.70772789358979,13.0,0.0,1.0,1.0345071300973196,0
1.3688746545089878,69.14509663332406,5.0,0.019230769230769232,0.9807692307692307,0.3978873577297384,0
0.7892278100572583,62.766802746594664,6.0,0.0379746835443038,0.9620253164556962,0.477464829275686,0
0.9609531414387298,124.43672010582358,9.0,0.2125,0.7875,0.716197243913529,1
0.822339639745626,93.21965437919418,12.0,0.0,1.0,0.954929658551372,0
0.6460951342730743,118.18898414328984,12.0,0.0,1.0,0.954929658551372,0
0.47452896334343875,84.91593094404996,5.0,0.1875,0.8125,0.3978873577297384,1
1.1026396517956127,102.833304415815,6.0,0.1794871794871795,0.8205128205128205,0.477464829275686,1
0.4510498017827942,150.27202017752725,7.0,0.017543859649122806,0.9824561403508771,0.5570423008216338,0
0.3993990601588074,99.202470154163,13.0,0.05128205128205128,0.9487179487179487,1.0345071300973196,0
0.9461590604871357,149.2204937394527,9.0,0.0,1.0,0.716197243913529,0
1.4422645557785203,157.07421946457234,3.0,0.06896551724137931,0.9310344827586207,0.238732414637843,1
0.9148489250423775,117.65349822812296,9.0,0.04054054054054054,0.9594594594594594,0.716197243913529,0
0.9073121897170985,85.36200118458981,11.0,0.0,1.0,0.8753521870054244,0
0.8049732389886286,145.4022545747936,9.0,0.02631578947368421,0.9736842105263158,0.716197243913529,0
0.6656044990139004,130.08164571557947,15.0,0.0,1.0,1.1936620731892151,0
1.3894054516536993,59.94269281603059,5.0,0.0,1.0,0.3978873577297384,0
1.11961722220197,87.56784456951391,4.0,0.2,0.8,0.3183098861837907,1
1.2858810975305224,65.20998156437572,5.0,0.2191780821917808,0.7808219178082192,0.3978873577297384,1
1.379848621778609,71.57156120959378,10.0,0.1625,0.8375,0.7957747154594768,1
0.5236342050892282,68.01623564703257,6.0,0.12,0.88,0.477464829275686,1
1.1434726674951126,143.00141733410626,13.0,0.0,1.0,1.0345071300973196,0
0.5725152236502149,75.11463686383259,8.0,0.05,0.95,0.6366197723675814,0
0.5210560625882995,121.38266261057524,13.0,0.0,1.0,1.0345071300973196,0
0.35730738049769134,88.02574989232073,8.0,0.0,1.0,0.6366197723675814,0
1.2707788709598322,96.45272458858217,10.0,0.0,1.0,0.7957747154594768,0
0.38311612916882737,134.9611241466185,16.0,0.0,1.0,1.2732395447351628,0
0.5655855153733625,104.84198565908446,8.0,0.08860759493670886,0.9113924050632911,0.6366197723675814,0
1.314307182157615,144.87291990006258,14.0,0.0,1.0,1.1140846016432675,0
1.1784785192341247,80.79753935282059,8.0,0.09210526315789473,0.9078947368421053,0.6366197723675814,0
0.46883598849274805,122.4861091298156,12.0,0.0,1.0,0.954929658551372,0
1.3284582683546284,67.663193217511,6.0,0.075,0.925,0.477464829275686,0
0.9067975072385609,147.86238388094137,12.0,0.0,1.0,0.954929658551372,0
0.6654769300098585,77.6648187293247,3.0,0.24561403508771928,0.7543859649122807,0.238732414637843,1
0.4956671790262408,144.1123248933655,5.0,0.3611111111111111,0.6388888888888888,0.3978873577297384,1
0.4589814033904738,76.6213867884388,8.0,0.0,1.0,0.6366197723675814,0
1.1329766627515319,108.34223892567475,10.0,0.0,1.0,0.7957747154594768,0
0.8369978037991612,100.22013255757577,9.0,0.09333333333333334,0.9066666666666666,0.716197243913529,0
1.3322022304092174,78.19238435682419,6.0,0.0,1.0,0.477464829275686,0
0.7006036797639227,128.74403414006878,18.0,0.0,1.0,1.432394487827058,0
0.787541221287851,94.4713956231421,11.0,0.0379746835443038,0.9620253164556962,0.8753521870054244,0
1.3924209959858431,52.10434966279866,6.0,0.0,1.0,0.477464829275686,0
1.2655997940236938,147.80662233386448,9.0,0.0,1.0,0.716197243913529,0
1.2332947892225,100.31741194151193,10.0,0.0,1.0,0.7957747154594768,0
0.8184094199166125,77.04197635339472,6.0,0.08860759493670886,0.9113924050632911,0.477464829275686,0
1.1261917752626955,122.0234193935249,9.0,0.0,1.0,0.716197243913529,0
0.5160164294294923,145.94374863619763,10.0,0.0,1.0,0.7957747154594768,0
1.4949872396395767,129.39412701897845,17.0,0.0,1.0,1.3528170162811104,0
0.531967414098162,107.02303210299603,11.0,0.0125,0.9875,0.8753521870054244,0
1.4165293587031873,105.22847183226806,7.0,0.019230769230769232,0.9807692307692307,0.5570423008216338,0
0.6927059421757505,148.04411697756913,7.0,0.0,1.0,0.5570423008216338,0
0.5694896999201338,90.0675364492388,10.0,0.0,1.0,0.7957747154594768,0
0.5208920987984239,72.081454753625,11.0,0.31645569620253167,0.6835443037974683,0.8753521870054244,1
1.0024773066772683,88.16342318697134,11.0,0.01282051282051282,0.9871794871794872,0.8753521870054244,0
0.6987396304240503,150.0655962924905,8.0,0.0,1.0,0.6366197723675814,0
0.5825230732394124,145.2271920518406,8.0,0.1282051282051282,0.8717948717948718,0.6366197723675814,1
1.2245126577674643,143.15617646434677,13.0,0.012658227848101266,0.9873417721518988,1.0345071300973196,0
1.2080636063439472,54.31548134230353,6.0,0.03125,0.96875,0.477464829275686,0
1.3676195602956092,102.96425642314695,14.0,0.038461538461538464,0.9615384615384616,1.1140846016432675,0
1.1773017437645794,146.47663796494408,8.0,0.0,1.0,0.6366197723675814,0
0.6155177547447456,143.868794928669,17.0,0.0,1.0,1.3528170162811104,0
0.8850233672264948,127.2929982659033,7.0,0.012658227848101266,0.9873417721518988,0.5570423008216338,0
0.7803892612060275,104.89540689836208,4.0,0.061224489795918366,0.9387755102040817,0.3183098861837907,0
0.5430543672318783,136.71153613735336,16.0,0.0,1.0,1.2732395447351628,0
1.0810316057525453,120.50892738815226,14.0,0.0,1.0,1.1140846016432675,0
0.6906277361381521,106.76077160270432,4.0,0.0,1.0,0.3183098861837907,0
1.3814421412716058,135.91739968179834,15.0,0.0,1.0,1.1936620731892151,0
0.6455850971978994,58.039654219330686,8.0,0.0,1.0,0.6366197723675814,0
0.4221283345139684,136.65905789151176,20.0,0.0,1.0,1.5915494309189535,0
0.5468792370763985,109.20805898205194,11.0,0.0,1.0,0.8753521870054244,0
1.2601371558522299,88.47451119827653,10.0,0.0,1.0,0.7957747154594768,0
0.8726818082790367,54.52842197292988,7.0,0.030303030303030304,0.9696969696969697,0.5570423008216338,0
0.5344804777574554,111.16563314563659,8.0,0.14102564102564102,0.8589743589743589,0.6366197723675814,1
0.9513411111114479,88.4735060057084,7.0,0.0,1.0,0.5570423008216338,0
1.1718996893705547,115.06458674615287,12.0,0.0,1.0,0.954929658551372,0
0.5542101972327077,129.02751561454724,18.0,0.0,1.0,1.432394487827058,0
0.34091002491513006,52.859244335795026,8.0,0.0,1.0,0.6366197723675814,0
0.7588578189580445,70.24796742918568,6.0,0.0,1.0,0.477464829275686,0
0.40732618754684785,100.31792667391089,12.0,0.0,1.0,0.954929658551372,0
1.2849937764029256,76.82740153286736,8.0,0.025974025974025976,0.974025974025974,0.6366197723675814,0
0.9143033626083866,129.54976846403937,16.0,0.0,1.0,1.2732395447351628,0
0.4726558781700603,117.60550197408563,15.0,0.03896103896103896,0.961038961038961,1.1936620731892151,0
0.9163200086812533,117.02436808441514,12.0,0.0,1.0,0.954929658551372,0
0.9092886873027611,150.7275595382455,10.0,0.0,1.0,0.7957747154594768,0
0.6597206897840705,136.11519036159947,6.0,0.05128205128205128,0.9487179487179487,0.477464829275686,0
1.3194813774478247,123.7745813983994,14.0,0.0,1.0,1.1140846016432675,0
1.382170565041989,132.5462405195304,13.0,0.24050632911392406,0.759493670886076,1.0345071300973196,1
0.36248224229363585,110.87049946703162,12.0,0.0,1.0,0.954929658551372,0
0.9601196141747965,108.73929677871102,9.0,0.0,1.0,0.716197243913529,0
0.8445064869959003,138.4367807562588,3.0,0.8478260869565217,0.15217391304347827,0.238732414637843,1
0.5431092411792758,81.22051394691849,8.0,0.08860759493670886,0.9113924050632911,0.6366197723675814,0
0.3994132641834689,74.25115444635007,4.0,0.2391304347826087,0.7608695652173914,0.3183098861837907,1
0.4966948156429589,116.76463656182581,12.0,0.0,1.0,0.954929658551372,0
1.2428455088226324,149.56123582493146,9.0,0.0,1.0,0.716197243913529,0
0.7333933524212338,129.95643719876827,17.0,0.0,1.0,1.3528170162811104,0
0.7008498115424807,100.92083358045429,11.0,0.0,1.0,0.8753521870054244,0
1.2092369884674568,102.3312822711298,10.0,0.0,1.0,0.7957747154594768,0
1.0386818655636414,53.11292441506106,6.0,0.0,1.0,0.477464829275686,0
0.4982092605486968,70.30072625602781,7.0,0.35802469135802467,0.6419753086419753,0.5570423008216338,1
0.553982472581359,86.04420825795155,5.0,0.3,0.7,0.3978873577297384,1
1.4657184236011176,109.94187985469095,10.0,0.2857142857142857,0.7142857142857143,0.7957747154594768,1
1.1410899039516214,53.12001512683553,7.0,0.0,1.0,0.5570423008216338,0
0.5991285914849203,127.80609888533183,7.0,0.017857142857142856,0.9821428571428571,0.5570423008216338,0
1.3717268862250773,116.16223095987846,15.0,0.0,1.0,1.1936620731892151,0
1.401469653170178,146.4432341621104,8.0,0.058823529411764705,0.9411764705882353,0.6366197723675814,0
0.8856076193928077,149.40121237280064,6.0,0.0,1.0,0.477464829275686,0
0.7160553302794455,80.5813596321187,11.0,0.0,1.0,0.8753521870054244,0
1.0946864393322766,78.54850960282806,15.0,0.0,1.0,1.1936620731892151,0
1.1395118960656634,78.2234947225865,16.0,0.0,1.0,1.2732395447351628,0
0.6523819191124814,93.56366866022009,8.0,0.02,0.98,0.6366197723675814,0
1.189605419897918,79.7008594157407,9.0,0.0,1.0,0.716197243913529,0
0.33044422014382074,121.2899600204935,9.0,0.07692307692307693,0.9230769230769231,0.716197243913529,0
0.4818373194141541,76.09853879260092,12.0,0.0,1.0,0.954929658551372,0
1.1417188261521758,150.72037856655442,3.0,0.1,0.9,0.238732414637843,1
0.9978534209307327,57.825176508863095,8.0,0.02,0.98,0.6366197723675814,0
0.5923886283168072,148.39753879232663,3.0,0.08064516129032258,0.9193548387096774,0.238732414637843,1
1.4644937863858547,104.54298902869428,12.0,0.0,1.0,0.954929658551372,0
0.6507416362779533,122.12284605873066,9.0,0.0,1.0,0.716197243913529,0
0.7035267944931993,67.68511682296953,6.0,0.03125,0.96875,0.477464829275686,0
1.1877600260080343,77.76278014658136,15.0,0.0,1.0,1.1936620731892151,0
0.36107990949505,116.55496017789258,14.0,0.0,1.0,1.1140846016432675,0
1.4999062157679055,84.90203338458963,19.0,0.0,1.0,1.5119719593730057,0
0.5727381129682718,71.63335597348724,11.0,0.0,1.0,0.8753521870054244,0
0.540405575954548,76.88161105622493,14.0,0.0,1.0,1.1140846016432675,0
1.1191596219434004,98.3192579516207,11.0,0.0,1.0,0.8753521870054244,0
0.47787587488562333,139.7124847911369,10.0,0.05194805194805195,0.948051948051948,0.7957747154594768,0
1.3151948391600317,142.36553904370115,9.0,0.0125,0.9875,0.716197243913529,0
1.0346017261239973,124.9632014559973,11.0,0.0,1.0,0.8753521870054244,0
0.553681864833959,73.7164346517912,15.0,0.08974358974358974,0.9102564102564102,1.1936620731892151,0
1.4722477590583976,80.57407140147436,9.0,0.0,1.0,0.716197243913529,0
1.385159163871404,127.794860113917,13.0,0.0125,0.9875,1.0345071300973196,0
0.9313017931043012,130.8169302260489,12.0,0.0,1.0,0.954929658551372,0
0.8731450671952854,93.58268230516249,13.0,0.06329113924050633,0.9367088607594937,1.0345071300973196,0
0.892796167488882,116.62974662094472,9.0,0.0,1.0,0.716197243913529,0
0.4656315046978361,108.62538436291594,10.0,0.13114754098360656,0.8688524590163934,0.7957747154594768,1
0.9315711340016147,125.22481061402605,6.0,0.0,1.0,0.477464829275686,0
0.9983524775338452,118.92856040624137,9.0,0.05063291139240506,0.9493670886075949,0.716197243913529,0
0.3745553966686265,84.19336086265875,18.0,0.0,1.0,1.432394487827058,0
1.27346547078932,84.45193313876266,9.0,0.0,1.0,0.716197243913529,0
0.893973041992684,98.45515629460186,17.0,0.0,1.0,1.3528170162811104,0
0.7479804195329939,130.4094151593479,12.0,0.0,1.0,0.954929658551372,0
1.331472634257178,74.19005548077584,9.0,0.08641975308641975,0.9135802469135802,0.716197243913529,0
1.4207522611256438,76.5589721932741,15.0,0.0,1.0,1.1936620731892151,0
0.5683804157888811,110.85611161342143,10.0,0.0,1.0,0.7957747154594768,0
1.1193104642440477,142.86548117205112,7.0,0.07692307692307693,0.9230769230769231,0.5570423008216338,0
1.0708923002192903,126.94175314521159,9.0,0.09090909090909091,0.9090909090909091,0.716197243913529,0
0.9583092358336456,155.75960756855915,1.0,0.8604651162790697,0.13953488372093023,0.07957747154594767,1
1.1224603408351015,157.23041720338495,2.0,0.0,1.0,0.15915494309189535,1
0.5194789497428633,91.50974201633304,13.0,0.16455696202531644,0.8354430379746836,1.0345071300973196,1
0.7839864138898526,122.11437967097169,9.0,0.0,1.0,0.716197243913529,0
1.4980739344001281,106.65153550031988,9.0,0.1875,0.8125,0.716197243913529,1
0.9797063272088024,102.70914834289836,15.0,0.08974358974358974,0.9102564102564102,1.1936620731892151,0
0.6234924859330002,96.29029350908189,6.0,0.061224489795918366,0.9387755102040817,0.477464829275686,0
0.3953338448346298,55.7175313046391,7.0,0.0851063829787234,0.9148936170212766,0.5570423008216338,0
0.6495794767677634,102.35483221556774,8.0,0.08860759493670886,0.9113924050632911,0.6366197723675814,0
1.2117854960856482,98.28145690207529,10.0,0.0,1.0,0.7957747154594768,0
1.1314582002679716,95.39780632965744,10.0,0.0,1.0,0.7957747154594768,0
0.510115784153128,121.89067985923218,13.0,0.0,1.0,1.0345071300973196,0
1.2687638197105422,126.76039744444019,9.0,0.0,1.0,0.716197243913529,0
1.3878073175571124,97.9023500718969,17.0,0.0,1.0,1.3528170162811104,0
0.9347013383525647,96.80820593219639,18.0,0.0,1.0,1.432394487827058,0
1.0800304061926596,89.20961966681705,19.0,0.0,1.0,1.5119719593730057,0
0.40250443305564965,90.67461878986087,8.0,0.0,1.0,0.6366197723675814,0
0.49709781710753853,147.8699918652412,6.0,0.0,1.0,0.477464829275686,0
0.6588682083169722,118.5405926734317,9.0,0.4050632911392405,0.5949367088607594,0.716197243913529,1
1.107089953157158,85.32592855556149,18.0,0.0,1.0,1.432394487827058,0
1.4747548117929417,65.09934323786234,6.0,0.08064516129032258,0.9193548387096774,0.477464829275686,0
0.667637053609138,67.49120204021763,6.0,0.0,1.0,0.477464829275686,0
1.0320751637418757,112.80052058243571,11.0,0.0,1.0,0.8753521870054244,0
1.3822466743970363,150.67442806160858,3.0,0.0,1.0,0.238732414637843,1
0.6647393909438631,126.57212310632117,7.0,0.04054054054054054,0.9594594594594594,0.5570423008216338,0
0.8941224612763984,151.27191782760772,2.0,0.018867924528301886,0.9811320754716981,0.15915494309189535,1
1.1161267081184532,108.06384834301689,12.0,0.0,1.0,0.954929658551372,0
0.4649651535091776,55.76893118855414,2.0,0.8873239436619719,0.11267605633802817,0.15915494309189535,1
0.4243768094158469,88.755909628336,21.0,0.0,1.0,1.6711269024649011,0
1.1686272673409623,90.73363678379933,15.0,0.0,1.0,1.1936620731892151,0
0.9238303304271428,126.37494106994836,12.0,0.1,0.9,0.954929658551372,0
1.1999207220635826,71.03876724907693,12.0,0.0,1.0,0.954929658551372,0
1.1464884406278149,70.87146874550457,8.0,0.20253164556962025,0.7974683544303798,0.6366197723675814,1
0.9934110922190228,74.11884350989867,12.0,0.012987012987012988,0.987012987012987,0.954929658551372,0
1.3746866969026097,106.52307070086222,6.0,0.025974025974025976,0.974025974025974,0.477464829275686,0
1.062602144342811,65.88639979657951,10.0,0.0,1.0,0.7957747154594768,0
0.7013814328466372,112.18239746673072,16.0,0.05063291139240506,0.9493670886075949,1.2732395447351628,0
0.7208648577561326,132.13156198898602,11.0,0.02631578947368421,0.9736842105263158,0.8753521870054244,0
1.3272471951008915,100.23421413808002,7.0,0.0,1.0,0.5570423008216338,0
0.9997654382735767,75.11588749862057,13.0,0.0,1.0,1.0345071300973196,0
0.7560639543251284,95.02643845451806,17.0,0.0,1.0,1.3528170162811104,0
1.0542646678781384,87.04720164160234,14.0,0.0,1.0,1.1140846016432675,0
0.8848365478075367,63.01661554010731,13.0,0.5263157894736842,0.47368421052631576,1.0345071300973196,1
1.047896867519448,93.94284940920097,10.0,0.0,1.0,0.7957747154594768,0
0.3592690535126289,94.95362074032269,13.0,0.0,1.0,1.0345071300973196,0
0.406201474433952,133.61843980107034,9.0,0.0,1.0,0.716197243913529,0
1.418050966082669,135.6635586271481,10.0,0.189873417721519,0.810126582278481,0.7957747154594768,1
1.3649447208699819,143.73292332594124,2.0,0.4794520547945205,0.5205479452054794,0.15915494309189535,1
0.936908638094105,77.68721505324606,14.0,0.0,1.0,1.1140846016432675,0
0.3714221620678964,80.95178316881106,8.0,0.234375,0.765625,0.6366197723675814,1
1.3946883394788503,88.07353661809806,13.0,0.0125,0.9875,1.0345071300973196,0
1.1153545579754274,137.29227354411245,7.0,0.012987012987012988,0.987012987012987,0.5570423008216338,0
0.8809692448995553,78.09167020305587,10.0,0.26582278481012656,0.7341772151898734,0.7957747154594768,1
1.0284358583952908,105.60490381350957,14.0,0.0,1.0,1.1140846016432675,0
0.8337261047949042,127.63530932301302,5.0,0.03636363636363636,0.9636363636363636,0.3978873577297384,0
1.2002314070826818,148.56277689966032,7.0,0.0,1.0,0.5570423008216338,0
1.1543138750623558,97.02472547097477,15.0,0.0,1.0,1.1936620731892151,0
0.5677062319712977,125.73344276750491,15.0,0.0,1.0,1.1936620731892151,0
0.4662409478002354,116.21131692434679,11.0,0.0,1.0,0.8753521870054244,0
1.451423097030873,149.94666213014662,2.0,0.12,0.88,0.15915494309189535,1
1.2832925641983388,145.25260936242472,8.0,0.0,1.0,0.6366197723675814,0
0.509281754737426,96.44272917136918,15.0,0.0,1.0,1.1936620731892151,0
0.8558216773769347,116.26275969829689,15.0,0.0,1.0,1.1936620731892151,0
0.4011409148877814,62.364533967437076,12.0,0.01282051282051282,0.9871794871794872,0.954929658551372,0
0.7047417218065479,131.01745606324616,8.0,0.21794871794871795,0.782051282051282,0.6366197723675814,1
1.4359572023042813,115.16028154093033,12.0,0.1,0.9,0.954929658551372,0
1.3455704149784258,75.7658923205658,14.0,0.0379746835443038,0.9620253164556962,1.1140846016432675,0
1.2477926834803308,109.69441413997808,7.0,0.0,1.0,0.5570423008216338,0
1.09037099461603,106.02937727820279,6.0,0.37037037037037035,0.6296296296296297,0.477464829275686,1
1.3582133484487149,64.51399955730156,9.0,0.0,1.0,0.716197243913529,0
0.9833618688931818,64.51866245034647,3.0,0.125,0.875,0.238732414637843,1
1.0628365376188074,81.44328189309915,14.0,0.0379746835443038,0.9620253164556962,1.1140846016432675,0
0.5318854838665156,95.97591137435931,7.0,0.05084745762711865,0.9491525423728814,0.5570423008216338,0
0.9172322131458387,150.59269894833088,7.0,0.2631578947368421,0.7368421052631579,0.5570423008216338,1
0.3839568098965945,100.39420555190299,19.0,0.0,1.0,1.5119719593730057,0
1.2509359986956499,104.35773430464837,9.0,0.0,1.0,0.716197243913529,0
0.44385469059270727,84.96017443571634,18.0,0.0,1.0,1.432394487827058,0
0.3910070566578331,110.2151820639626,12.0,0.0,1.0,0.954929658551372,0
0.7402356847276391,107.13438621336282,17.0,0.0,1.0,1.3528170162811104,0
0.6804706201847536,71.58704030636623,17.0,0.0,1.0,1.3528170162811104,0
0.43353978636006085,87.67121435762385,3.0,0.38461538461538464,0.6153846153846154,0.238732414637843,1
1.2576523757259561,138.81932886611008,5.0,0.5316455696202531,0.46835443037974683,0.3978873577297384,1
0.6535639645202663,132.26426423438718,14.0,0.25316455696202533,0.7468354430379747,1.1140846016432675,1
0.7186615378600941,140.57359133254576,6.0,0.1518987341772152,0.8481012658227848,0.477464829275686,1
1.027994865607825,83.93482751781976,8.0,0.45454545454545453,0.5454545454545454,0.6366197723675814,1
0.6887443875574782,109.19265754651036,17.0,0.0,1.0,1.3528170162811104,0
0.4301840800432465,148.58241785726656,3.0,0.0136986301369863,0.9863013698630136,0.238732414637843,1
0.5569888230236412,91.67095402812723,16.0,0.0,1.0,1.2732395447351628,0
0.3993406362434911,115.17339175611376,17.0,0.0,1.0,1.3528170162811104,0
0.41052682633838383,110.27280165935126,17.0,0.0,1.0,1.3528170162811104,0
0.3404340362013096,81.46726680927901,8.0,0.22784810126582278,0.7721518987341772,0.6366197723675814,1
1.4768267967785838,121.74073629278487,9.0,0.12658227848101267,0.8734177215189873,0.716197243913529,1
1.4526053697463033,118.07271636165835,9.0,0.0,1.0,0.716197243913529,0
0.9806886972430133,133.22527286779078,7.0,0.038461538461538464,0.9615384615384616,0.5570423008216338,0
0.9446984897913022,75.6309779288089,17.0,0.0,1.0,1.3528170162811104,0
0.4828818009184458,67.78932333089924,18.0,0.0,1.0,1.432394487827058,0
1.3473611699300494,116.39969425816803,15.0,0.0,1.0,1.1936620731892151,0
0.3329275515365458,132.67386997366978,12.0,0.03773584905660377,0.9622641509433962,0.954929658551372,0
0.5567315773013491,51.81819780169385,7.0,0.0,1.0,0.5570423008216338,0
1.0023198905089759,115.98784651428252,20.0,0.0,1.0,1.5915494309189535,0
1.3853908851260848,123.42328867564974,18.0,0.0,1.0,1.432394487827058,0
1.1428268822340686,79.93337818715854,5.0,0.0,1.0,0.3978873577297384,0
0.7592856650744493,63.194795911626024,15.0,0.0,1.0,1.1936620731892151,0
1.4453047840357414,78.92550390543556,6.0,0.07407407407407407,0.9259259259259259,0.477464829275686,0
1.1156067348111218,104.4938135436839,16.0,0.038461538461538464,0.9615384615384616,1.2732395447351628,0
1.2903278574719441,72.42375231029285,3.0,0.0975609756097561,0.9024390243902439,0.238732414637843,1
1.2681396531948217,84.9045049269558,16.0,0.12658227848101267,0.8734177215189873,1.2732395447351628,1
0.44974146770215023,61.70659582851236,3.0,0.14705882352941177,0.8529411764705882,0.238732414637843,1
1.4978085999419395,146.77754440381847,8.0,0.012987012987012988,0.987012987012987,0.6366197723675814,0
0.3914947893064226,128.64830066057593,11.0,0.0,1.0,0.8753521870054244,0
0.3635827658431708,146.56773771007133,9.0,0.0,1.0,0.716197243913529,0
1.3416636505688109,103.80586803897434,21.0,0.0,1.0,1.6711269024649011,0
0.5512561837255489,113.31141725123022,8.0,0.0,1.0,0.6366197723675814,0
0.6624359583041314,67.88770949303377,19.0,0.0,1.0,1.5119719593730057,0
0.4737484279708599,118.59417202238467,11.0,0.04054054054054054,0.9594594594594594,0.8753521870054244,0
0.9784646048763284,148.1595767733924,5.0,0.0,1.0,0.3978873577297384,0
0.6513549810693289,120.02203900668735,17.0,0.0,1.0,1.3528170162811104,0
0.9044376050084673,105.8914513391168,8.0,0.10126582278481013,0.8987341772151899,0.6366197723675814,0
1.070943026108711,78.43043518170671,17.0,0.0,1.0,1.3528170162811104,0
1.2156430467084316,139.36037496885206,8.0,0.02531645569620253,0.9746835443037974,0.6366197723675814,0
1.3753198810503635,101.06729566159281,14.0,0.0,1.0,1.1140846016432675,0
0.4035021972981115,100.67162189199965,9.0,0.0,1.0,0.716197243913529,0
1.4837738841950965,60.06088893484189,15.0,0.0,1.0,1.1936620731892151,0
1.2997694717760053,110.08646365438538,20.0,0.0,1.0,1.5915494309189535,0
0.9794680292654392,75.98215821237368,18.0,0.0,1.0,1.432394487827058,0
0.5111452502491988,63.882148887849866,7.0,0.0,1.0,0.5570423008216338,0
1.1894736548937805,125.85390377610533,8.0,0.27848101265822783,0.7215189873417721,0.6366197723675814,1
1.060464328003711,67.83307034463964,15.0,0.1794871794871795,0.8205128205128205,1.1936620731892151,1
0.5513016066331632,93.27523536796414,13.0,0.02564102564102564,0.9743589743589743,1.0345071300973196,0
0.33399361203576494,123.43708899901178,14.0,0.0,1.0,1.1140846016432675,0
1.3971649627454017,120.92794725540463,13.0,0.0,1.0,1.0345071300973196,0
1.4602279348808558,128.29748685046204,15.0,0.0,1.0,1.1936620731892151,0
0.5438604907061916,99.5662151690639,14.0,0.0,1.0,1.1140846016432675,0
0.7965689485526807,52.911837507534436,10.0,0.06896551724137931,0.9310344827586207,0.7957747154594768,0
1.4844046792273624,70.44890623184503,3.0,0.0,1.0,0.238732414637843,1
0.787413471345052,73.12470946684365,16.0,0.0,1.0,1.2732395447351628,0
1.0207756692265648,86.32492295971821,7.0,0.425,0.575,0.5570423008216338,1
1.1593361396096062,77.02501957105711,11.0,0.025,0.975,0.8753521870054244,0
0.6767410516339895,140.71059165750478,12.0,0.0,1.0,0.954929658551372,0
0.5869322894649925,148.2028259530977,3.0,0.2328767123287671,0.7671232876712328,0.238732414637843,1
0.8712025352127771,60.67413868125915,5.0,0.23880597014925373,0.7611940298507462,0.3978873577297384,1
1.1076201004900215,76.83139140768837,16.0,0.0,1.0,1.2732395447351628,0
1.4085930198410743,135.38813381349323,14.0,0.024691358024691357,0.9753086419753086,1.1140846016432675,0
0.8536489326911784,57.438554189370976,11.0,0.025974025974025976,0.974025974025974,0.8753521870054244,0
1.2948213391941295,117.9557343048747,11.0,0.0,1.0,0.8753521870054244,0
0.8738374278801081,142.66670837479103,11.0,0.0,1.0,0.8753521870054244,0
1.0907299178374679,97.51731919979542,19.0,0.0,1.0,1.5119719593730057,0
1.0151388376083192,101.7064254856539,5.0,0.43037974683544306,0.569620253164557,0.3978873577297384,1
0.8862153875362692,91.5303010328367,16.0,0.0,1.0,1.2732395447351628,0
1.4464652439555001,123.18175458967785,8.0,0.0,1.0,0.6366197723675814,0
0.7913457100250637,70.99484989895777,2.0,0.896551724137931,0.10344827586206896,0.15915494309189535,1
1.2389468218746815,117.57010797286672,5.0,0.1076923076923077,0.8923076923076924,0.3978873577297384,0
1.4119140565641872,136.63186297961448,12.0,0.0,1.0,0.954929658551372,0
1.146172096759664,103.35780021438471,18.0,0.0,1.0,1.432394487827058,0
0.46106421428449545,146.95385791706724,5.0,0.04838709677419355,0.9516129032258065,0.3978873577297384,0
1.32033113364703,97.84822458712229,17.0,0.0,1.0,1.3528170162811104,0
0.686213567300487,127.2037992581691,13.0,0.0,1.0,1.0345071300973196,0
0.9742862434950882,77.68896102155311,11.0,0.012658227848101266,0.9873417721518988,0.8753521870054244,0
1.1063682097245233,66.133981158291,15.0,0.0,1.0,1.1936620731892151,0
0.3192734446476132,79.18251926161007,4.0,0.0,1.0,0.3183098861837907,0
0.8391213111353756,80.76725275737483,9.0,0.0,1.0,0.716197243913529,0
0.7610549466990192,128.5131377648521,6.0,0.2125,0.7875,0.477464829275686,1
1.315440286790361,93.34018152434156,15.0,0.1,0.9,1.1936620731892151,0
0.9546253703056845,131.20759275682533,11.0,0.025,0.975,0.8753521870054244,0
1.4501781250620491,60.324491357313185,8.0,0.2835820895522388,0.7164179104477612,0.6366197723675814,1
0.5214576363287492,99.30021294835979,15.0,0.0,1.0,1.1936620731892151,0
0.79566368584247,107.91659777589724,11.0,0.0,1.0,0.8753521870054244,0
0.9295910573266284,111.28618364106921,14.0,0.0,1.0,1.1140846016432675,0
1.0670469108412715,111.39967011280002,15.0,0.0,1.0,1.1936620731892151,0
0.5528926850807514,80.43585377078911,9.0,0.25925925925925924,0.7407407407407407,0.716197243913529,1
1.1974911313191523,132.31439216897283,6.0,0.0875,0.9125,0.477464829275686,0
1.3306337323333826,74.13472482885908,3.0,0.17142857142857143,0.8285714285714286,0.238732414637843,1
0.9676653596242701,76.33091625752405,12.0,0.0,1.0,0.954929658551372,0
1.1903248340304917,137.67543760621325,10.0,0.0,1.0,0.7957747154594768,0
1.0914575459216516,141.60784733125922,6.0,0.0,1.0,0.477464829275686,0
1.4366573319800096,100.37303388821351,7.0,0.11764705882352941,0.8823529411764706,0.5570423008216338,0
0.8731204913385706,71.54509336657694,17.0,0.0,1.0,1.3528170162811104,0
0.8429170876150142,80.24716901601802,10.0,0.0,1.0,0.7957747154594768,0
1.14610761907394,90.7349860615369,12.0,0.23684210526315788,0.7631578947368421,0.954929658551372,1
0.741692334811862,86.09535143660818,13.0,0.0,1.0,1.0345071300973196,0
0.917043855844892,136.19452222235535,10.0,0.0,1.0,0.7957747154594768,0
1.3770113270755433,118.64290172334064,10.0,0.1,0.9,0.7957747154594768,0
0.9358671675398796,90.92934601691937,13.0,0.0,1.0,1.0345071300973196,0
0.7589670554962396,66.66250900962135,6.0,0.0,1.0,0.477464829275686,0
0.6284256893633774,104.80773701775348,5.0,0.0,1.0,0.3978873577297384,0
0.689030633294679,77.29004171346466,13.0,0.0,1.0,1.0345071300973196,0
0.8651359062785053,61.54694369374364,10.0,0.0875,0.9125,0.7957747154594768,0
0.7755699954445859,136.19271461881323,6.0,0.01282051282051282,0.9871794871794872,0.477464829275686,0
1.3349750695243083,115.46429263465278,6.0,0.3181818181818182,0.6818181818181818,0.477464829275686,1
0.867883052378675,64.33036960062063,8.0,0.0,1.0,0.6366197723675814,0
1.431370928569906,69.44945623109798,13.0,0.038461538461538464,0.9615384615384616,1.0345071300973196,0
0.5253191152746548,102.53150356484386,12.0,0.0,1.0,0.954929658551372,0
1.2331792641556671,87.12528661166868,13.0,0.0,1.0,1.0345071300973196,0
1.1569635052009248,66.76440562657409,13.0,0.0,1.0,1.0345071300973196,0
0.8127924237342535,84.29011082692661,10.0,0.0,1.0,0.7957747154594768,0
1.4141090326434949,103.17701932226258,14.0,0.0,1.0,1.1140846016432675,0
0.5833769229352499,97.92189069129174,13.0,0.0,1.0,1.0345071300973196,0
1.3437285708189568,93.74739002143717,17.0,0.0,1.0,1.3528170162811104,0
1.2178667366529154,144.52272633935914,10.0,0.0,1.0,0.7957747154594768,0
1.0925755977709113,143.76466329426398,10.0,0.06329113924050633,0.9367088607594937,0.7957747154594768,0
0.5401943339476004,89.30196137451904,6.0,0.09836065573770492,0.9016393442622951,0.477464829275686,0
0.5512581277712524,134.94165242753022,9.0,0.0,1.0,0.716197243913529,0
1.1774094229221728,80.2169488817342,9.0,0.0,1.0,0.716197243913529,0
1.014064587787864,150.97990149364895,5.0,0.13559322033898305,0.864406779661017,0.3978873577297384,1
1.0197077644805652,77.41579675948182,13.0,0.0,1.0,1.0345071300973196,0
1.0505704332271106,106.40715967708192,11.0,0.0,1.0,0.8753521870054244,0
1.2057186099481993,81.21957445303593,14.0,0.01282051282051282,0.9871794871794872,1.1140846016432675,0
0.598019315678029,113.70612289643849,16.0,0.0,1.0,1.2732395447351628,0
0.634673605480035,77.10390327484583,14.0,0.0,1.0,1.1140846016432675,0
1.3385961462156555,84.73757862742148,16.0,0.0,1.0,1.2732395447351628,0
1.3480286769937817,135.89033721626413,8.0,0.0641025641025641,0.9358974358974359,0.6366197723675814,0
0.35905958074937205,100.60088671633325,13.0,0.0,1.0,1.0345071300973196,0
1.4876496178469332,86.39676739066144,10.0,0.1518987341772152,0.8481012658227848,0.7957747154594768,1
0.8003737182182364,128.66939145983764,12.0,0.0,1.0,0.954929658551372,0
0.4799582376232664,108.52994955200717,8.0,0.1794871794871795,0.8205128205128205,0.6366197723675814,1
0.42937314845884716,130.01054524394786,14.0,0.0,1.0,1.1140846016432675,0
1.1511001526045568,111.24376606017051,16.0,0.024691358024691357,0.9753086419753086,1.2732395447351628,0
0.5737630040381896,81.44902035209536,18.0,0.0,1.0,1.432394487827058,0
0.847717697819595,67.59801079918759,9.0,0.0,1.0,0.716197243913529,0
1.250695712758962,91.02940754187219,18.0,0.0,1.0,1.432394487827058,0
1.4534053658204904,61.09213069977334,7.0,0.25316455696202533,0.7468354430379747,0.5570423008216338,1
0.7193153555615119,151.78454591765086,6.0,0.01694915254237288,0.9830508474576272,0.477464829275686,0
0.7131945408244991,109.28741179735346,13.0,0.02564102564102564,0.9743589743589743,1.0345071300973196,0
0.33760487221214014,149.03026948157788,6.0,0.0,1.0,0.477464829275686,0
1.1091721915690373,128.04182872556513,14.0,0.0,1.0,1.1140846016432675,0
0.35547886853969857,139.44254736610682,9.0,0.15,0.85,0.716197243913529,1
0.46014368286868473,76.69708496986512,7.0,0.06666666666666667,0.9333333333333333,0.5570423008216338,0
0.538359425247547,75.24621088499035,3.0,0.04081632653061224,0.9591836734693877,0.238732414637843,1
1.433935084931388,76.97558148132423,19.0,0.0,1.0,1.5119719593730057,0
0.48884809114022926,94.04680408054816,2.0,0.13043478260869565,0.8695652173913043,0.15915494309189535,1
0.30767617392004176,101.30685906267573,12.0,0.0,1.0,0.954929658551372,0
0.4239203918615431,137.75342567658421,6.0,0.45,0.55,0.477464829275686,1
1.397119339566624,64.0274403714345,11.0,0.0,1.0,0.8753521870054244,0
0.6104295309063422,130.93576366534774,5.0,0.21739130434782608,0.782608695652174,0.3978873577297384,1
0.528733569743554,114.17946335036082,5.0,0.4507042253521127,0.5492957746478874,0.3978873577297384,1
1.3371361350826874,142.29136822302198,8.0,0.0875,0.9125,0.6366197723675814,0
1.0594851706516455,73.15613430853527,18.0,0.0,1.0,1.432394487827058,0
0.30567166319278066,117.78265472926054,10.0,0.225,0.775,0.7957747154594768,1
0.5518803525688566,138.2185129331823,6.0,0.0,1.0,0.477464829275686,0
1.4963976571855866,116.20725392512527,10.0,0.0,1.0,0.7957747154594768,0
1.4085746374155519,133.3816789780433,8.0,0.02531645569620253,0.9746835443037974,0.6366197723675814,0
1.1245464693520606,65.83047306244625,11.0,0.075,0.925,0.8753521870054244,0
0.39986467344986526,124.55361517111331,10.0,0.0875,0.9125,0.7957747154594768,0
0.6943077019662525,90.23440907084522,17.0,0.0,1.0,1.3528170162811104,0
1.1276217764721044,147.57904214572451,4.0,0.5862068965517241,0.41379310344827586,0.3183098861837907,1
1.367077046875149,101.6410523532466,12.0,0.0,1.0,0.954929658551372,0
0.49226799422031237,119.13827877118507,12.0,0.01282051282051282,0.9871794871794872,0.954929658551372,0
1.1437685078792146,69.09312278929049,12.0,0.0,1.0,0.954929658551372,0
1.3423337616122049,98.68777519934055,16.0,0.0,1.0,1.2732395447351628,0
1.223179864043435,130.30896399840037,8.0,0.1016949152542373,0.8983050847457628,0.6366197723675814,0
1.4707766001318172,139.1050500112369,9.0,0.0,1.0,0.716197243913529,0
0.4996718158070919,155.5121202913771,4.0,0.34285714285714286,0.6571428571428571,0.3183098861837907,1
0.4318627178562398,105.1069378076049,12.0,0.02564102564102564,0.9743589743589743,0.954929658551372,0
1.2827395766764165,56.69866521683013,6.0,0.4375,0.5625,0.477464829275686,1
1.3743360304704735,93.74854476398203,7.0,0.0,1.0,0.5570423008216338,0
0.576879391348725,90.1298020182622,7.0,0.0,1.0,0.5570423008216338,0
1.0437225375595192,109.00672330257083,10.0,0.11538461538461539,0.8846153846153846,0.7957747154594768,0
0.48534997068949987,113.38537240613216,13.0,0.0,1.0,1.0345071300973196,0
0.5559005211688713,114.00713714395849,10.0,0.0,1.0,0.7957747154594768,0
0.503168698561333,80.77706185511353,12.0,0.0,1.0,0.954929658551372,0
1.3473601843101661,135.3606879270774,6.0,0.012987012987012988,0.987012987012987,0.477464829275686,0
0.4744781419181377,108.58900248900311,12.0,0.01282051282051282,0.9871794871794872,0.954929658551372,0
0.6768271290241082,82.56037907624463,12.0,0.0,1.0,0.954929658551372,0
0.7035870236164313,115.42562869382996,11.0,0.02564102564102564,0.9743589743589743,0.8753521870054244,0
1.095461976207275,68.21349051297143,12.0,0.0,1.0,0.954929658551372,0
1.0188378073591444,121.51133659215222,6.0,0.631578947368421,0.3684210526315789,0.477464829275686,1
0.429838021828927,136.37377026976614,12.0,0.0,1.0,0.954929658551372,0
1.4614662555269897,67.61530922667968,13.0,0.05063291139240506,0.9493670886075949,1.0345071300973196,0
0.782099918573858,115.19492610578872,8.0,0.0379746835443038,0.9620253164556962,0.6366197723675814,0
0.6862595300902484,61.61374659082573,10.0,0.0,1.0,0.7957747154594768,0
0.874956441658893,133.27197082418135,6.0,0.012987012987012988,0.987012987012987,0.477464829275686,0
1.1305476843401794,88.15370157566876,15.0,0.0,1.0,1.1936620731892151,0
0.44246136748170456,97.89801043333729,15.0,0.0,1.0,1.1936620731892151,0
1.070150689654023,80.57571095049482,15.0,0.0,1.0,1.1936620731892151,0
0.4651589865301296,59.34361530624347,7.0,0.04,0.96,0.5570423008216338,0
1.0451364226792634,122.5200873304264,11.0,0.0,1.0,0.8753521870054244,0
0.31159575694861685,88.16924582179443,14.0,0.0,1.0,1.1140846016432675,0
1.280792063382828,99.55650831287949,13.0,0.02531645569620253,0.9746835443037974,1.0345071300973196,0
1.1703729816819874,108.1129855431018,7.0,0.26582278481012656,0.7341772151898734,0.5570423008216338,1
0.4109209105969934,126.0640135113843,13.0,0.0,1.0,1.0345071300973196,0
1.2847655499383657,55.11117201546737,9.0,0.0,1.0,0.716197243913529,0
1.2139069514029968,52.8016300217862,6.0,0.13636363636363635,0.8636363636363636,0.477464829275686,1
1.4503177634407625,100.07734915595098,16.0,0.06329113924050633,0.9367088607594937,1.2732395447351628,0
1.1935259613426208,68.39347464880423,7.0,0.04285714285714286,0.9571428571428572,0.5570423008216338,0
0.3786097011551239,153.41354380722794,6.0,0.0,1.0,0.477464829275686,0
1.1179428708202126,87.63754814520837,16.0,0.0,1.0,1.2732395447351628,0
0.5317096535552216,108.1462599159942,10.0,0.0,1.0,0.7957747154594768,0
1.3782155481422689,87.63214158659001,9.0,0.21794871794871795,0.782051282051282,0.716197243913529,1
0.5139229878324969,54.164716699504204,7.0,0.11666666666666667,0.8833333333333333,0.5570423008216338,0
0.6996666606211819,134.20170628390963,11.0,0.0,1.0,0.8753521870054244,0
0.6673474653121968,91.69602709047876,11.0,0.07792207792207792,0.922077922077922,0.8753521870054244,0
0.853505101109836,153.80740769029472,6.0,0.0,1.0,0.477464829275686,0
0.7548825977746011,95.88637778507155,16.0,0.0,1.0,1.2732395447351628,0
0.44097996137366874,77.24384731627964,13.0,0.0,1.0,1.0345071300973196,0
0.808473773155837,83.08839550660545,13.0,0.0,1.0,1.0345071300973196,0
1.1474412187320715,105.60400335509667,5.0,0.19480519480519481,0.8051948051948052,0.3978873577297384,1
0.701188718904966,84.8282779022048,15.0,0.0,1.0,1.1936620731892151,0
0.7310040517314776,84.77090138241743,10.0,0.0,1.0,0.7957747154594768,0
1.3148256432867396,115.64875649391658,7.0,0.0,1.0,0.5570423008216338,0
0.9016386986594845,79.27531419251963,12.0,0.0,1.0,0.954929658551372,0
0.6358503299414393,69.07751108059193,10.0,0.013333333333333334,0.9866666666666667,0.7957747154594768,0
1.2597131511376993,85.46798595004434,12.0,0.0,1.0,0.954929658551372,0
0.6456057236873766,90.80938041030066,12.0,0.0,1.0,0.954929658551372,0
1.1328253774028725,118.07983866634031,11.0,0.02564102564102564,0.9743589743589743,0.8753521870054244,0
0.795111832893538,93.55184005692321,7.0,0.02857142857142857,0.9714285714285714,0.5570423008216338,0
1.280144258199765,110.03484546321182,8.0,0.07042253521126761,0.9295774647887324,0.6366197723675814,0
0.8726231723272367,124.65724147072578,10.0,0.012658227848101266,0.9873417721518988,0.7957747154594768,0
0.8640769945693741,86.49883765087571,10.0,0.012345679012345678,0.9876543209876543,0.7957747154594768,0
1.286550886959245,90.30266894208869,15.0,0.0,1.0,1.1936620731892151,0
1.2346034308517269,77.31423053472504,16.0,0.0,1.0,1.2732395447351628,0
0.5202907160316432,67.13992182506624,7.0,0.015151515151515152,0.9848484848484849,0.5570423008216338,0
1.292625899071068,152.51098420761363,6.0,0.0,1.0,0.477464829275686,0
1.1966942394927396,64.82136734691825,10.0,0.0,1.0,0.7957747154594768,0
0.9108122158726897,132.40980075422806,11.0,0.05128205128205128,0.9487179487179487,0.8753521870054244,0
0.3652488793865202,88.71946650229543,6.0,0.0,1.0,0.477464829275686,0
0.760034778523165,61.53581081704631,7.0,0.0,1.0,0.5570423008216338,0
0.8894017070499347,84.21301034487898,11.0,0.0,1.0,0.8753521870054244,0
1.2141183664963997,60.764205968862846,11.0,0.0875,0.9125,0.8753521870054244,0
0.9470098377328551,138.9538113500122,8.0,0.012658227848101266,0.9873417721518988,0.6366197723675814,0
1.3977935030210036,109.3087418929431,5.0,0.013157894736842105,0.9868421052631579,0.3978873577297384,0
0.38555151777914487,144.98295677188497,12.0,0.125,0.875,0.954929658551372,1
0.9783559645191955,79.09947068761868,14.0,0.02564102564102564,0.9743589743589743,1.1140846016432675,0
0.4975398883929995,90.68699167536148,10.0,0.02531645569620253,0.9746835443037974,0.7957747154594768,0
1.2463533293997202,138.64815294446458,5.0,0.5866666666666667,0.41333333333333333,0.3978873577297384,1
1.003042738523776,143.53435644649463,5.0,0.05063291139240506,0.9493670886075949,0.3978873577297384,0
0.5621078078575995,119.35825902073616,13.0,0.0,1.0,1.0345071300973196,0
1.3833218042226405,68.55338993831407,6.0,0.0,1.0,0.477464829275686,0
1.046878683545116,86.92855973321686,10.0,0.05660377358490566,0.9433962264150944,0.7957747154594768,0
0.3787251476284459,142.29453774551678,5.0,0.0,1.0,0.3978873577297384,0
0.5799630066362246,85.64177360238412,15.0,0.0,1.0,1.1936620731892151,0
0.43847295391871083,73.01076325264773,12.0,0.0,1.0,0.954929658551372,0
0.7677640581606587,68.43924972225906,11.0,0.06329113924050633,0.9367088607594937,0.8753521870054244,0
0.8800761617816247,80.91177044530244,13.0,0.0,1.0,1.0345071300973196,0
0.7012554495013946,70.10726739600386,8.0,0.0,1.0,0.6366197723675814,0
0.4553777136158174,137.3803177084395,6.0,0.2375,0.7625,0.477464829275686,1
1.0169175106997246,97.35707255977076,12.0,0.01282051282051282,0.9871794871794872,0.954929658551372,0
0.7760240168596149,87.94766080757226,16.0,0.0,1.0,1.2732395447351628,0
1.0487873383025443,104.62386801362526,14.0,0.0,1.0,1.1140846016432675,0
0.31625916683926925,122.45688389052009,10.0,0.0,1.0,0.7957747154594768,0
0.653975879407424,131.709806729401,5.0,0.16129032258064516,0.8387096774193549,0.3978873577297384,1
0.3607807728955433,66.22058970023814,11.0,0.0,1.0,0.8753521870054244,0
1.4264141619474386,71.30902113545072,16.0,0.0125,0.9875,1.2732395447351628,0
0.4934342852410675,65.24457297803752,12.0,0.0,1.0,0.954929658551372,0
0.9296232504261941,57.82325955172513,9.0,0.0,1.0,0.716197243913529,0
0.32134680729392057,104.21537344747362,12.0,0.0,1.0,0.954929658551372,0
1.0638488627978615,133.19421962647627,11.0,0.0,1.0,0.8753521870054244,0
1.0607109997537907,130.79095195241746,10.0,0.0,1.0,0.7957747154594768,0
1.1768143705628833,101.60586239783811,6.0,0.0641025641025641,0.9358974358974359,0.477464829275686,0
1.4672633167378615,153.068773121865,5.0,0.07142857142857142,0.9285714285714286,0.3978873577297384,0
0.5572706547495585,68.74206733122809,11.0,0.0,1.0,0.8753521870054244,0
0.6851569208383019,90.24546578664807,5.0,0.034482758620689655,0.9655172413793104,0.3978873577297384,0
1.1125750253282072,129.23777833672244,11.0,0.2948717948717949,0.7051282051282052,0.8753521870054244,1
1.2499425389607592,120.0832927818121,10.0,0.0,1.0,0.7957747154594768,0
0.5631058439596304,143.91330298685358,6.0,0.24050632911392406,0.759493670886076,0.477464829275686,1
0.9912662142892018,144.1602737039939,5.0,0.2054794520547945,0.7945205479452054,0.3978873577297384,1
0.40021840665048797,142.24559105407684,11.0,0.04938271604938271,0.9506172839506173,0.8753521870054244,0
1.3959683930541273,116.91133196511088,10.0,0.0,1.0,0.7957747154594768,0
0.42819653478230707,136.3366912749134,7.0,0.0,1.0,0.5570423008216338,0
0.9156059773595335,80.0649488884718,18.0,0.0,1.0,1.432394487827058,0
1.0764492051131132,126.45384148587299,11.0,0.20512820512820512,0.7948717948717948,0.8753521870054244,1
1.1878088551737322,101.93035471235876,21.0,0.0,1.0,1.6711269024649011,0
1.2317815665717287,142.7110368067322,8.0,0.16666666666666666,0.8333333333333334,0.6366197723675814,1
0.4578441775992498,90.19963172667688,22.0,0.0,1.0,1.7507043740108488,0
1.0685016125349776,75.09066336517948,9.0,0.0,1.0,0.716197243913529,0
0.6747728918602796,103.32807979914443,18.0,0.0,1.0,1.432394487827058,0
0.57985427875265,78.02549226729508,6.0,0.3392857142857143,0.6607142857142857,0.477464829275686,1
0.4803759032452668,92.24669378830056,20.0,0.0,1.0,1.5915494309189535,0
0.48865596429594893,83.13647588157482,10.0,0.0641025641025641,0.9358974358974359,0.7957747154594768,0
1.031046054957764,117.89041911904944,13.0,0.0,1.0,1.0345071300973196,0
0.33183540750224344,139.80210228794598,10.0,0.0,1.0,0.7957747154594768,0
0.9051705040366168,88.75031692282002,21.0,0.0,1.0,1.6711269024649011,0
0.7108719726379834,115.30252051139732,8.0,0.0,1.0,0.6366197723675814,0
0.4159352989351911,118.20603289658068,9.0,0.012987012987012988,0.987012987012987,0.716197243913529,0
1.0532049347780532,73.43654661641914,10.0,0.10126582278481013,0.8987341772151899,0.7957747154594768,0
0.7639762305617236,86.24582682402234,8.0,0.0,1.0,0.6366197723675814,0
1.0972714435239213,143.55327670181788,8.0,0.2602739726027397,0.7397260273972602,0.6366197723675814,1
0.9045654362630946,130.16071774261454,9.0,0.0,1.0,0.716197243913529,0
1.1981082772756333,140.78649811689021,9.0,0.06329113924050633,0.9367088607594937,0.716197243913529,0
1.3101525133760759,114.23455131226136,8.0,0.06451612903225806,0.9354838709677419,0.6366197723675814,0
1.1868972243014668,57.711321380063204,8.0,0.0,1.0,0.6366197723675814,0
0.743426668504049,87.69325668125374,20.0,0.0,1.0,1.5915494309189535,0
0.6614023244577228,125.66521923917324,12.0,0.0,1.0,0.954929658551372,0
1.11335467009268,64.09833610123901,9.0,0.02564102564102564,0.9743589743589743,0.716197243913529,0
1.444815266262894,95.59494623271269,17.0,0.0,1.0,1.3528170162811104,0
1.3957750146000303,91.13299067916937,14.0,0.05063291139240506,0.9493670886075949,1.1140846016432675,0
1.0418875853968608,125.19602758382277,13.0,0.0,1.0,1.0345071300973196,0
0.7035343029010585,143.5604005558336,7.0,0.13924050632911392,0.8607594936708861,0.5570423008216338,1
1.3862673202894515,120.57676743830444,8.0,0.02531645569620253,0.9746835443037974,0.6366197723675814,0
0.39523559723257645,125.31651985613227,14.0,0.0,1.0,1.1140846016432675,0
1.1329824820004735,95.3738730910483,14.0,0.0,1.0,1.1140846016432675,0
1.4296629291526917,97.43174656257078,14.0,0.0,1.0,1.1140846016432675,0
0.9422709620304179,128.73140002962148,8.0,0.189873417721519,0.810126582278481,0.6366197723675814,1
1.2578047146421558,150.72962560012013,6.0,0.05172413793103448,0.9482758620689655,0.477464829275686,0
1.3054779970353565,97.70528048089776,6.0,0.2857142857142857,0.7142857142857143,0.477464829275686,1
0.40031013873571963,104.758902150525,11.0,0.012345679012345678,0.9876543209876543,0.8753521870054244,0
0.9579748381816218,67.75780377802813,15.0,0.012987012987012988,0.987012987012987,1.1936620731892151,0
0.8495701021248089,136.2153888438737,9.0,0.0,1.0,0.716197243913529,0
0.44738223664123394,142.63600460989912,6.0,0.08,0.92,0.477464829275686,0
0.5655955464704786,107.23370719200261,19.0,0.0,1.0,1.5119719593730057,0
0.4131598085575979,105.62757243592165,7.0,0.5769230769230769,0.4230769230769231,0.5570423008216338,1
0.6140218126651816,136.8918270793644,11.0,0.0,1.0,0.8753521870054244,0
1.1238836869698612,113.01488990268227,9.0,0.012987012987012988,0.987012987012987,0.716197243913529,0
0.7324323692254638,92.57228230085663,12.0,0.0,1.0,0.954929658551372,0
0.8218828842392163,101.52416580769854,14.0,0.0,1.0,1.1140846016432675,0
1.2360389284484126,52.32755706898605,4.0,0.4716981132075472,0.5283018867924528,0.3183098861837907,1
0.3546204184236898,67.09125795563004,10.0,0.0,1.0,0.7957747154594768,0
0.6567971045653528,104.39670114201023,16.0,0.0,1.0,1.2732395447351628,0
0.6148664809136236,115.31974839321126,12.0,0.1,0.9,0.954929658551372,0
0.851092685137932,94.95456078509943,20.0,0.0,1.0,1.5915494309189535,0
0.7655394764088076,86.51899102012682,22.0,0.0,1.0,1.7507043740108488,0
1.0530239110097324,115.64770504446899,11.0,0.14102564102564102,0.8589743589743589,0.8753521870054244,1
1.065773718590452,137.09636219833345,4.0,0.0,1.0,0.3183098861837907,0
1.0123637853136458,92.8076358996231,22.0,0.0,1.0,1.7507043740108488,0
0.3038229963080884,54.9325568957424,6.0,0.0,1.0,0.477464829275686,0
0.8093982487734543,140.20768754860194,6.0,0.2625,0.7375,0.477464829275686,1
0.7342232877538878,74.94654778679325,17.0,0.0,1.0,1.3528170162811104,0
0.6139509755236898,72.91332328489248,11.0,0.02564102564102564,0.9743589743589743,0.8753521870054244,0
1.2678335605825448,64.55568764345833,11.0,0.0,1.0,0.8753521870054244,0
1.4821164939154259,72.76939330797795,16.0,0.0,1.0,1.2732395447351628,0
0.5298823065638663,124.75306022174178,11.0,0.0,1.0,0.8753521870054244,0
0.6118238907441496,105.26576301581059,10.0,0.14285714285714285,0.8571428571428571,0.7957747154594768,1
0.6900574026993818,76.05160838525387,6.0,0.24691358024691357,0.7530864197530864,0.477464829275686,1
1.0859804305474288,105.0798400309683,14.0,0.0,1.0,1.1140846016432675,0
0.5218558017293033,74.24699719008767,7.0,0.0,1.0,0.5570423008216338,0
0.9564624818044181,136.03344636530403,9.0,0.0379746835443038,0.9620253164556962,0.716197243913529,0
1.2131614317174577,76.76408021688962,12.0,0.0,1.0,0.954929658551372,0
1.3496413485548862,127.20202817326289,13.0,0.05063291139240506,0.9493670886075949,1.0345071300973196,0
1.215814839641473,56.14575880906578,8.0,0.11428571428571428,0.8857142857142857,0.6366197723675814,0
0.648722058719953,81.72642705870545,8.0,0.0,1.0,0.6366197723675814,0
0.7094496707687937,141.1374059290438,8.0,0.028169014084507043,0.971830985915493,0.6366197723675814,0
0.43562854748984386,92.69176729801443,9.0,0.0,1.0,0.716197243913529,0
0.493952430931671,83.69768522562555,5.0,0.1746031746031746,0.8253968253968254,0.3978873577297384,1
1.472481152693315,96.60557402762092,18.0,0.0,1.0,1.432394487827058,0
0.9610829663393237,149.75743063640002,6.0,0.2,0.8,0.477464829275686,1
0.7444400403034497,105.65737717010653,13.0,0.0,1.0,1.0345071300973196,0
1.298720571353273,113.28889843086485,6.0,0.2222222222222222,0.7777777777777778,0.477464829275686,1
1.3685952810493522,87.51014255023628,17.0,0.0,1.0,1.3528170162811104,0
0.8427919524082237,96.87950375422659,18.0,0.0,1.0,1.432394487827058,0
0.39791949134499893,87.33484835418733,8.0,0.189873417721519,0.810126582278481,0.6366197723675814,1
1.052571234050845,65.65693274339941,7.0,0.16666666666666666,0.8333333333333334,0.5570423008216338,1
0.7393477652624078,95.84427614671134,15.0,0.0,1.0,1.1936620731892151,0
0.6500755327344153,137.29086904524817,11.0,0.0,1.0,0.8753521870054244,0
1.2795427520422669,62.11607059159254,10.0,0.0,1.0,0.7957747154594768,0
0.9928081800235218,94.11582203944357,20.0,0.0,1.0,1.5915494309189535,0
1.4126876201932674,134.28539334551246,12.0,0.02666666666666667,0.9733333333333334,0.954929658551372,0
1.114181393725924,128.6056112848586,13.0,0.0,1.0,1.0345071300973196,0
1.3588817964254771,126.86119901172124,9.0,0.0,1.0,0.716197243913529,0
1.472432164810568,75.50725056510144,12.0,0.1,0.9,0.954929658551372,0
1.4469292369786997,75.27111173124449,15.0,0.0,1.0,1.1936620731892151,0
0.4348784128613112,138.3515273679402,3.0,0.10869565217391304,0.8913043478260869,0.238732414637843,1
0.7547094743769837,78.41050542991042,17.0,0.0,1.0,1.3528170162811104,0
0.7999478120470368,93.76003858028717,15.0,0.0,1.0,1.1936620731892151,0
0.6344420628881834,83.61522778938141,12.0,0.02531645569620253,0.9746835443037974,0.954929658551372,0
0.9886863487580904,120.95919470733732,12.0,0.0,1.0,0.954929658551372,0
0.4172199655788001,121.06154355486187,9.0,0.0,1.0,0.716197243913529,0
1.4590620985115315,92.99998711651725,6.0,0.0125,0.9875,0.477464829275686,0
1.0236253854394177,69.90459369012132,8.0,0.0,1.0,0.6366197723675814,0
0.577542739898716,142.95038050441258,10.0,0.0,1.0,0.7957747154594768,0
0.8097085137895322,132.13568371297995,14.0,0.0,1.0,1.1140846016432675,0
0.38780292862548243,120.0348856871776,14.0,0.0,1.0,1.1140846016432675,0
1.3084708441538648,130.22524536978221,11.0,0.1282051282051282,0.8717948717948718,0.8753521870054244,1
0.49048667688953945,136.73953962764398,8.0,0.12244897959183673,0.8775510204081632,0.6366197723675814,1
1.0339668386461662,93.40780446008341,16.0,0.0,1.0,1.2732395447351628,0
0.8335746915753867,137.7380264031073,9.0,0.08974358974358974,0.9102564102564102,0.716197243913529,0
0.695026221244831,143.37653953962203,10.0,0.3625,0.6375,0.7957747154594768,1
1.359785894576057,120.8250662521941,7.0,0.29310344827586204,0.7068965517241379,0.5570423008216338,1
0.3297300080664374,97.05461096912906,10.0,0.0,1.0,0.7957747154594768,0
0.31831439526242605,115.00608638589132,8.0,0.175,0.825,0.6366197723675814,1
0.47261375185120286,63.61399807775979,7.0,0.0125,0.9875,0.5570423008216338,0
1.284160170393632,65.49489266290064,8.0,0.0,1.0,0.6366197723675814,0
1.0714918955808674,87.24515979444031,13.0,0.0,1.0,1.0345071300973196,0
0.6914598135207465,99.55053283457028,9.0,0.038461538461538464,0.9615384615384616,0.716197243913529,0
1.1710699133277716,127.25505350937249,15.0,0.0,1.0,1.1936620731892151,0
1.3773681892229064,91.85037698174973,10.0,0.0,1.0,0.7957747154594768,0
1.185857683132995,116.55091536539183,11.0,0.01282051282051282,0.9871794871794872,0.8753521870054244,0
0.6428456543818896,148.86896109380783,7.0,0.0784313725490196,0.9215686274509803,0.5570423008216338,0
1.1288782056101965,141.80224512847377,8.0,0.0,1.0,0.6366197723675814,0
0.9286619991464958,137.70455339653392,10.0,0.0,1.0,0.7957747154594768,0
0.646188589788523,60.850164119677196,8.0,0.11538461538461539,0.8846153846153846,0.6366197723675814,0
1.0837966154160565,105.88662504980226,6.0,0.16326530612244897,0.8367346938775511,0.477464829275686,1
0.6990021150612352,130.28234900682375,9.0,0.13924050632911392,0.8607594936708861,0.716197243913529,1
0.7217816399305417,117.67540291773834,12.0,0.05128205128205128,0.9487179487179487,0.954929658551372,0
1.161770174661076,134.97295067989026,10.0,0.0,1.0,0.7957747154594768,0
1.2543938085192845,142.69117041759688,11.0,0.024691358024691357,0.9753086419753086,0.8753521870054244,0
0.9768739880833883,129.7298289518784,14.0,0.0,1.0,1.1140846016432675,0
0.7226642021847444,137.46488263297374,9.0,0.08163265306122448,0.9183673469387755,0.716197243913529,0
0.5939857922663098,95.44269263163599,16.0,0.0,1.0,1.2732395447351628,0
0.5088777986560593,90.01638049514328,10.0,0.0,1.0,0.7957747154594768,0
1.4859528321295266,142.88687867001542,8.0,0.0,1.0,0.6366197723675814,0
1.4306340456186546,90.51709658816009,8.0,0.012658227848101266,0.9873417721518988,0.6366197723675814,0
0.49320045553458286,105.37047070443094,17.0,0.0,1.0,1.3528170162811104,0
1.4563812522320068,83.10861167229419,10.0,0.075,0.925,0.7957747154594768,0
1.0502870859295104,98.28874156903507,10.0,0.0379746835443038,0.9620253164556962,0.7957747154594768,0
0.438368416061384,109.8902622646566,15.0,0.0,1.0,1.1936620731892151,0
1.0036737292279527,97.17511217059392,8.0,0.0125,0.9875,0.6366197723675814,0
0.3731591874510682,134.79160389034618,14.0,0.0,1.0,1.1140846016432675,0
0.39925358782076587,115.12947110422193,14.0,0.0,1.0,1.1140846016432675,0
1.3271478537223318,77.42397886127878,12.0,0.013157894736842105,0.9868421052631579,0.954929658551372,0
1.4478335254731969,122.71699990675762,13.0,0.0,1.0,1.0345071300973196,0
1.0249044563417915,145.86871886177215,6.0,0.0,1.0,0.477464829275686,0
1.4898959065121196,58.015140208050475,9.0,0.0,1.0,0.716197243913529,0
0.6960173254263929,119.83979754505518,6.0,0.0,1.0,0.477464829275686,0
1.170569099738168,75.69849511569195,7.0,0.0759493670886076,0.9240506329113924,0.5570423008216338,0
0.6662289190973476,64.01234237364535,9.0,0.16666666666666666,0.8333333333333334,0.716197243913529,1
1.0904990318664125,139.7273586692281,12.0,0.0,1.0,0.954929658551372,0
1.0914959258532149,113.06439835514702,12.0,0.0,1.0,0.954929658551372,0
1.3706684456248042,70.723640282866,4.0,0.2631578947368421,0.7368421052631579,0.3183098861837907,1
1.1881622474168303,115.53578865450513,10.0,0.05128205128205128,0.9487179487179487,0.7957747154594768,0
0.9915332806177458,134.93363448301,14.0,0.0,1.0,1.1140846016432675,0
0.7420814195131891,75.23404678300187,1.0,0.08163265306122448,0.9183673469387755,0.07957747154594767,1
1.1055808431107328,100.26083847235385,5.0,0.08163265306122448,0.9183673469387755,0.3978873577297384,0
1.3670368945091071,63.457053982097,8.0,0.25675675675675674,0.7432432432432432,0.6366197723675814,1
1.2185787395911167,145.643185378609,6.0,0.0,1.0,0.477464829275686,0
0.9431780106999066,124.7488052293314,10.0,0.0,1.0,0.7957747154594768,0
1.0946093943894875,119.7156382665831,13.0,0.047619047619047616,0.9523809523809523,1.0345071300973196,0
0.8745031226751924,89.94887472056416,9.0,0.0,1.0,0.716197243913529,0
0.6903292291777017,63.47305109848134,3.0,0.125,0.875,0.238732414637843,1
1.2310728636447905,114.69850542201459,14.0,0.0,1.0,1.1140846016432675,0
0.7308947019090285,99.30003921801482,9.0,0.025,0.975,0.716197243913529,0
0.6207225123465424,116.72818825527087,10.0,0.12658227848101267,0.8734177215189873,0.7957747154594768,1
1.3421705475137682,61.95734914501827,10.0,0.0,1.0,0.7957747154594768,0
0.9150858034340621,131.5962922744301,15.0,0.0,1.0,1.1936620731892151,0
0.7057765378326255,124.82001901525943,13.0,0.0,1.0,1.0345071300973196,0
1.0568868266477256,121.15819487799153,13.0,0.0,1.0,1.0345071300973196,0
0.3408679671984422,148.36882928201135,7.0,0.0958904109589041,0.9041095890410958,0.5570423008216338,0
0.3835003109149146,72.78531459910042,9.0,0.025974025974025976,0.974025974025974,0.716197243913529,0
1.3194478757706747,95.73273358245558,10.0,0.0,1.0,0.7957747154594768,0
1.1089324625032697,67.77830901339732,3.0,0.13636363636363635,0.8636363636363636,0.238732414637843,1
0.9730096195247159,142.890545617962,5.0,0.22972972972972974,0.7702702702702703,0.3978873577297384,1
1.0380893381777991,110.2311988861811,15.0,0.0,1.0,1.1936620731892151,0
0.9280539923994384,100.22561305652923,18.0,0.0,1.0,1.432394487827058,0
1.123961525549566,129.82223829423793,16.0,0.0,1.0,1.2732395447351628,0
1.2229046202721183,104.10862795568342,14.0,0.0,1.0,1.1140846016432675,0
0.6458478947823605,132.47314396992428,15.0,0.0,1.0,1.1936620731892151,0
0.4606533994974968,104.50060313266927,10.0,0.01282051282051282,0.9871794871794872,0.7957747154594768,0
0.8442101940105108,68.38122168169119,10.0,0.1282051282051282,0.8717948717948718,0.7957747154594768,1
0.46867756886837963,53.04906493309646,7.0,0.017241379310344827,0.9827586206896551,0.5570423008216338,0
1.200657937030039,66.61953044795821,11.0,0.0,1.0,0.8753521870054244,0
1.2855179611086114,106.68859338515217,15.0,0.0,1.0,1.1936620731892151,0
1.4531311944648915,77.48015184655758,9.0,0.0,1.0,0.716197243913529,0
0.6317208055514282,81.82658997981959,11.0,0.0,1.0,0.8753521870054244,0
0.7384683227022832,82.67611086405476,7.0,0.20754716981132076,0.7924528301886793,0.5570423008216338,1
1.4326625108635547,83.50128368907741,9.0,0.05194805194805195,0.948051948051948,0.716197243913529,0
1.4409402106372338,73.30409416187354,7.0,0.0,1.0,0.5570423008216338,0
0.5870626248432093,54.20436378765749,5.0,0.03636363636363636,0.9636363636363636,0.3978873577297384,0
0.5847420267983857,82.36819479157717,13.0,0.189873417721519,0.810126582278481,1.0345071300973196,1
1.3162353387242949,94.7000248699634,8.0,0.0125,0.9875,0.6366197723675814,0
1.0046124448597622,140.58820551513847,9.0,0.0,1.0,0.716197243913529,0
0.42080460036686784,95.53331962975665,12.0,0.038461538461538464,0.9615384615384616,0.954929658551372,0
1.0256844371621978,146.73523181697496,8.0,0.0625,0.9375,0.6366197723675814,0
1.2458580269989736,153.69054471594706,3.0,0.4716981132075472,0.5283018867924528,0.238732414637843,1
0.5594983595504085,72.96978640502424,10.0,0.0,1.0,0.7957747154594768,0
1.3760929534551953,107.10624582333703,8.0,0.07894736842105263,0.9210526315789473,0.6366197723675814,0
0.7022808650848272,85.5010604217977,9.0,0.0,1.0,0.716197243913529,0
0.9319920894043198,105.76221339866946,15.0,0.038461538461538464,0.9615384615384616,1.1936620731892151,0
0.5606902955253091,88.51461512622176,9.0,0.013157894736842105,0.9868421052631579,0.716197243913529,0
0.35461318557356325,121.41932787451812,16.0,0.0,1.0,1.2732395447351628,0
