seed,node_id,x,y,energy,node_type,sink_distance,neighbors,coverage_contribution,overlap_ratio,node_density,ann_prediction,final_state
42,0,37.45,95.07,1.5,super,56.34,3,0.1449,0.8551,0.2387,ACTIVE,ACTIVE
42,1,73.2,59.87,1.5,super,93.07,13,0.0,1.0,1.0345,SLEEP,SLEEP
42,2,15.6,15.6,1.5,super,138.73,13,0.0,1.0,1.0345,SLEEP,SLEEP
42,3,5.81,86.62,1.5,super,77.27,9,0.0,1.0,0.7162,SLEEP,SLEEP
42,4,60.11,70.81,1.5,super,79.84,9,0.038,0.962,0.7162,SLEEP,SLEEP
42,5,2.06,96.99,1.5,super,71.47,7,0.0,1.0,0.557,SLEEP,SLEEP
42,6,83.24,21.23,1.5,super,132.99,11,0.0,1.0,0.8754,SLEEP,SLEEP
42,7,18.18,18.34,1.5,super,135.45,16,0.0385,0.9615,1.2732,SLEEP,ACTIVE
42,8,30.42,52.48,1.5,super,99.47,13,0.0,1.0,1.0345,SLEEP,SLEEP
42,9,43.19,29.12,1.5,super,121.07,14,0.0,1.0,1.1141,SLEEP,SLEEP
42,10,61.19,13.95,1.0,advanced,136.51,11,0.0,1.0,0.8754,SLEEP,SLEEP
42,11,29.21,36.64,1.0,advanced,115.25,14,0.0,1.0,1.1141,SLEEP,ACTIVE
42,12,45.61,78.52,1.0,advanced,71.62,7,0.1667,0.8333,0.557,ACTIVE,ACTIVE
42,13,19.97,51.42,1.0,advanced,103.05,13,0.013,0.987,1.0345,SLEEP,ACTIVE
42,14,59.24,4.65,1.0,advanced,145.65,7,0.25,0.75,0.557,ACTIVE,ACTIVE
42,15,60.75,17.05,1.0,advanced,133.38,12,0.0,1.0,0.9549,SLEEP,SLEEP
42,16,6.51,94.89,1.0,advanced,70.21,8,0.0,1.0,0.6366,SLEEP,ACTIVE
42,17,96.56,80.84,1.0,advanced,83.37,8,0.0,1.0,0.6366,SLEEP,SLEEP
42,18,30.46,9.77,1.0,advanced,141.59,12,0.0,1.0,0.9549,SLEEP,SLEEP
42,19,68.42,44.02,1.0,advanced,107.57,9,0.0,1.0,0.7162,SLEEP,SLEEP
42,20,12.2,49.52,1.0,advanced,107.36,12,0.0,1.0,0.9549,SLEEP,ACTIVE
42,21,3.44,90.93,1.0,advanced,75.21,8,0.0,1.0,0.6366,SLEEP,SLEEP
42,22,25.88,66.25,1.0,advanced,87.15,11,0.0,1.0,0.8754,SLEEP,ACTIVE
42,23,31.17,52.01,1.0,advanced,99.79,13,0.0,1.0,1.0345,SLEEP,SLEEP
42,24,54.67,18.49,1.0,advanced,131.6,10,0.038,0.962,0.7958,SLEEP,ACTIVE
42,25,96.96,77.51,1.0,advanced,86.37,8,0.05,0.95,0.6366,SLEEP,ACTIVE
42,26,93.95,89.48,1.0,advanced,74.79,7,0.0845,0.9155,0.557,SLEEP,ACTIVE
42,27,59.79,92.19,1.0,advanced,58.64,4,0.3733,0.6267,0.3183,ACTIVE,ACTIVE
42,28,8.85,19.6,1.0,advanced,136.74,7,0.0,1.0,0.557,SLEEP,ACTIVE
42,29,4.52,32.53,1.0,advanced,125.96,7,0.0758,0.9242,0.557,SLEEP,ACTIVE
42,30,38.87,27.13,0.5,normal,123.37,15,0.0,1.0,1.1937,SLEEP,ACTIVE
42,31,82.87,35.68,0.5,normal,118.96,14,0.1899,0.8101,1.1141,SLEEP,ACTIVE
42,32,28.09,54.27,0.5,normal,98.2,12,0.0,1.0,0.9549,SLEEP,SLEEP
42,33,14.09,80.22,0.5,normal,78.48,12,0.0658,0.9342,0.9549,SLEEP,ACTIVE
42,34,7.46,98.69,0.5,normal,66.66,8,0.0208,0.9792,0.6366,SLEEP,SLEEP
42,35,77.22,19.87,0.5,normal,132.95,11,0.0513,0.9487,0.8754,SLEEP,ACTIVE
42,36,0.55,81.55,0.5,normal,84.45,10,0.1064,0.8936,0.7958,SLEEP,ACTIVE
42,37,70.69,72.9,0.5,normal,79.83,12,0.038,0.962,0.9549,SLEEP,SLEEP
42,38,77.13,7.4,0.5,normal,145.15,9,0.3026,0.6974,0.7162,ACTIVE,ACTIVE
42,39,35.85,11.59,0.5,normal,139.13,13,0.0256,0.9744,1.0345,SLEEP,ACTIVE
42,40,86.31,62.33,0.5,normal,94.89,12,0.0127,0.9873,0.9549,SLEEP,SLEEP
42,41,33.09,6.36,0.5,normal,144.64,11,0.0548,0.9452,0.8754,SLEEP,ACTIVE
42,42,31.1,32.52,0.5,normal,118.99,14,0.0123,0.9877,1.1141,SLEEP,ACTIVE
42,43,72.96,63.76,0.5,normal,89.25,12,0.0,1.0,0.9549,SLEEP,ACTIVE
42,44,88.72,47.22,0.5,normal,109.83,8,0.0864,0.9136,0.6366,SLEEP,ACTIVE
42,45,11.96,71.32,0.5,normal,87.39,10,0.0779,0.9221,0.7958,SLEEP,ACTIVE
42,46,76.08,56.13,0.5,normal,97.43,13,0.0,1.0,1.0345,SLEEP,SLEEP
42,47,77.1,49.38,0.5,normal,104.21,13,0.0,1.0,1.0345,SLEEP,ACTIVE
42,48,52.27,42.75,0.5,normal,107.27,8,0.4177,0.5823,0.6366,ACTIVE,ACTIVE
42,49,2.54,10.79,0.5,normal,147.08,4,0.4655,0.5345,0.3183,ACTIVE,ACTIVE
42,50,3.14,63.64,0.5,normal,98.25,7,0.0339,0.9661,0.557,SLEEP,ACTIVE
42,51,31.44,50.86,0.5,normal,100.87,13,0.0123,0.9877,1.0345,SLEEP,ACTIVE
42,52,90.76,24.93,0.5,normal,131.54,9,0.0,1.0,0.7162,SLEEP,ACTIVE
42,53,41.04,75.56,0.5,normal,74.98,8,0.1026,0.8974,0.6366,SLEEP,ACTIVE
42,54,22.88,7.7,0.5,normal,144.86,11,0.0779,0.9221,0.8754,SLEEP,ACTIVE
42,55,28.98,16.12,0.5,normal,135.52,15,0.0,1.0,1.1937,SLEEP,SLEEP
42,56,92.97,80.81,0.5,normal,81.45,9,0.0,1.0,0.7162,SLEEP,SLEEP
42,57,63.34,87.15,0.5,normal,64.25,8,0.038,0.962,0.6366,SLEEP,SLEEP
42,58,80.37,18.66,0.5,normal,134.81,13,0.0,1.0,1.0345,SLEEP,SLEEP
42,59,89.26,53.93,0.5,normal,103.78,9,0.039,0.961,0.7162,SLEEP,SLEEP
42,60,80.74,89.61,0.5,normal,67.77,10,0.075,0.925,0.7958,SLEEP,ACTIVE
42,61,31.8,11.01,0.5,normal,140.18,12,0.0,1.0,0.9549,SLEEP,ACTIVE
42,62,22.79,42.71,0.5,normal,110.69,11,0.0,1.0,0.8754,SLEEP,SLEEP
42,63,81.8,86.07,0.5,normal,71.4,11,0.0,1.0,0.8754,SLEEP,SLEEP
42,64,0.7,51.07,0.5,normal,110.53,6,0.1458,0.8542,0.4775,ACTIVE,ACTIVE
42,65,41.74,22.21,0.5,normal,128.06,17,0.0,1.0,1.3528,SLEEP,SLEEP
42,66,11.99,33.76,0.5,normal,122.3,11,0.1039,0.8961,0.8754,SLEEP,ACTIVE
42,67,94.29,32.32,0.5,normal,125.74,9,0.1594,0.8406,0.7162,ACTIVE,ACTIVE
42,68,51.88,70.3,0.5,normal,79.72,6,0.1429,0.8571,0.4775,ACTIVE,ACTIVE
42,69,36.36,97.18,0.5,normal,54.55,1,0.0172,0.9828,0.0796,SLEEP,SLEEP
42,70,96.24,25.18,0.5,normal,133.11,9,0.0,1.0,0.7162,SLEEP,SLEEP
42,71,49.72,30.09,0.5,normal,119.91,12,0.013,0.987,0.9549,SLEEP,SLEEP
42,72,28.48,3.69,0.5,normal,147.88,10,0.0,1.0,0.7958,SLEEP,SLEEP
42,73,60.96,50.27,0.5,normal,100.33,8,0.0127,0.9873,0.6366,SLEEP,SLEEP
42,74,5.15,27.86,0.5,normal,130.11,6,0.0,1.0,0.4775,SLEEP,SLEEP
42,75,90.83,23.96,0.5,normal,132.49,9,0.0,1.0,0.7162,SLEEP,SLEEP
42,76,14.49,48.95,0.5,normal,107.11,13,0.0,1.0,1.0345,SLEEP,SLEEP
42,77,98.57,24.21,0.5,normal,134.84,8,0.0,1.0,0.6366,SLEEP,SLEEP
42,78,67.21,76.16,0.5,normal,75.82,10,0.0,1.0,0.7958,SLEEP,ACTIVE
42,79,23.76,72.82,0.5,normal,81.52,8,0.1266,0.8734,0.6366,SLEEP,ACTIVE
42,80,36.78,63.23,0.5,normal,87.77,10,0.2716,0.7284,0.7958,ACTIVE,ACTIVE
42,81,63.35,53.58,0.5,normal,97.34,10,0.0253,0.9747,0.7958,SLEEP,ACTIVE
42,82,9.03,83.53,0.5,normal,78.08,10,0.0,1.0,0.7958,SLEEP,SLEEP
42,83,32.08,18.65,0.5,normal,132.57,17,0.0,1.0,1.3528,SLEEP,SLEEP
42,84,4.08,59.09,0.5,normal,101.85,6,0.0152,0.9848,0.4775,SLEEP,SLEEP
42,85,67.76,1.66,0.5,normal,149.4,5,0.02,0.98,0.3979,SLEEP,SLEEP
42,86,51.21,22.65,0.5,normal,127.36,12,0.0,1.0,0.9549,SLEEP,ACTIVE
42,87,64.52,17.44,0.5,normal,133.36,12,0.038,0.962,0.9549,SLEEP,ACTIVE
42,88,69.09,38.67,0.5,normal,112.95,7,0.2405,0.7595,0.557,ACTIVE,ACTIVE
42,89,93.67,13.75,0.5,normal,143.08,9,0.4722,0.5278,0.7162,ACTIVE,ACTIVE
42,90,34.11,11.35,0.5,normal,139.56,13,0.0,1.0,1.0345,SLEEP,SLEEP
42,91,92.47,87.73,0.5,normal,75.37,8,0.0,1.0,0.6366,SLEEP,SLEEP
42,92,25.79,66.0,0.5,normal,87.42,11,0.0,1.0,0.8754,SLEEP,SLEEP
42,93,81.72,55.52,0.5,normal,99.66,11,0.0,1.0,0.8754,SLEEP,SLEEP
42,94,52.97,24.19,0.5,normal,125.85,10,0.0375,0.9625,0.7958,SLEEP,ACTIVE
42,95,9.31,89.72,0.5,normal,72.73,9,0.0385,0.9615,0.7162,SLEEP,SLEEP
42,96,90.04,63.31,0.5,normal,95.49,12,0.0779,0.9221,0.9549,SLEEP,ACTIVE
42,97,33.9,34.92,0.5,normal,116.2,13,0.05,0.95,1.0345,SLEEP,ACTIVE
42,98,72.6,89.71,0.5,normal,64.38,8,0.0769,0.9231,0.6366,SLEEP,ACTIVE
42,99,88.71,77.99,0.5,normal,81.76,11,0.0658,0.9342,0.8754,SLEEP,ACTIVE
123,0,69.65,28.61,1.5,super,122.97,12,0.1266,0.8734,0.9549,SLEEP,ACTIVE
123,1,22.69,55.13,1.5,super,98.72,14,0.0,1.0,1.1141,SLEEP,SLEEP
123,2,71.95,42.31,1.5,super,109.9,14,0.0,1.0,1.1141,SLEEP,ACTIVE
123,3,98.08,68.48,1.5,super,94.64,6,0.434,0.566,0.4775,ACTIVE,ACTIVE
123,4,48.09,39.21,1.5,super,110.8,13,0.0,1.0,1.0345,SLEEP,ACTIVE
123,5,34.32,72.9,1.5,super,78.67,20,0.0,1.0,1.5915,SLEEP,ACTIVE
123,6,43.86,5.97,1.5,super,144.16,8,0.0735,0.9265,0.6366,SLEEP,ACTIVE
123,7,39.8,73.8,1.5,super,76.88,18,0.0,1.0,1.4324,SLEEP,SLEEP
123,8,18.25,17.55,1.5,super,136.21,6,0.359,0.641,0.4775,ACTIVE,ACTIVE
123,9,53.16,53.18,1.5,super,96.87,15,0.0,1.0,1.1937,SLEEP,SLEEP
123,10,63.44,84.94,1.0,advanced,66.43,9,0.0,1.0,0.7162,SLEEP,ACTIVE
123,11,72.45,61.1,1.0,advanced,91.69,11,0.0625,0.9375,0.8754,SLEEP,ACTIVE
123,12,72.24,32.3,1.0,advanced,119.79,9,0.0,1.0,0.7162,SLEEP,SLEEP
123,13,36.18,22.83,1.0,advanced,127.92,13,0.1013,0.8987,1.0345,SLEEP,ACTIVE
123,14,29.37,63.1,1.0,advanced,89.32,18,0.0,1.0,1.4324,SLEEP,ACTIVE
123,15,9.21,43.37,1.0,advanced,114.17,7,0.175,0.825,0.557,ACTIVE,ACTIVE
123,16,43.09,49.37,1.0,advanced,100.87,19,0.0,1.0,1.512,SLEEP,SLEEP
123,17,42.58,31.23,1.0,advanced,119.01,13,0.025,0.975,1.0345,SLEEP,SLEEP
123,18,42.64,89.34,1.0,advanced,61.11,10,0.0,1.0,0.7958,SLEEP,SLEEP
123,19,94.42,50.18,1.0,advanced,109.25,7,0.1618,0.8382,0.557,ACTIVE,ACTIVE
123,20,62.4,11.56,1.0,advanced,138.99,11,0.0,1.0,0.8754,SLEEP,SLEEP
123,21,31.73,41.48,1.0,advanced,110.04,17,0.0,1.0,1.3528,SLEEP,ACTIVE
123,22,86.63,25.05,1.0,advanced,130.21,9,0.0,1.0,0.7162,SLEEP,ACTIVE
123,23,48.3,98.56,1.0,advanced,51.47,5,0.38,0.62,0.3979,ACTIVE,ACTIVE
123,24,51.95,61.29,1.0,advanced,88.73,16,0.0,1.0,1.2732,SLEEP,SLEEP
123,25,12.06,82.63,1.0,advanced,77.31,7,0.0,1.0,0.557,SLEEP,SLEEP
123,26,60.31,54.51,1.0,advanced,96.05,16,0.0,1.0,1.2732,SLEEP,ACTIVE
123,27,34.28,30.41,1.0,advanced,120.62,10,0.0,1.0,0.7958,SLEEP,SLEEP
123,28,41.7,68.13,1.0,advanced,82.29,18,0.0,1.0,1.4324,SLEEP,SLEEP
123,29,87.55,51.04,1.0,advanced,105.84,10,0.0,1.0,0.7958,SLEEP,SLEEP
123,30,66.93,58.59,0.5,normal,92.96,13,0.0,1.0,1.0345,SLEEP,SLEEP
123,31,62.49,67.47,0.5,normal,83.47,15,0.0,1.0,1.1937,SLEEP,SLEEP
123,32,84.23,8.32,0.5,normal,145.76,9,0.1039,0.8961,0.7162,SLEEP,ACTIVE
123,33,76.37,24.37,0.5,normal,128.37,14,0.0,1.0,1.1141,SLEEP,SLEEP
123,34,19.42,57.25,0.5,normal,97.66,15,0.0375,0.9625,1.1937,SLEEP,ACTIVE
123,35,9.57,88.53,0.5,normal,73.57,7,0.1772,0.8228,0.557,ACTIVE,ACTIVE
123,36,62.72,72.34,0.5,normal,78.69,16,0.0127,0.9873,1.2732,SLEEP,ACTIVE
123,37,1.61,59.44,0.5,normal,102.67,6,0.0,1.0,0.4775,SLEEP,ACTIVE
123,38,55.68,15.9,0.5,normal,134.22,9,0.0909,0.9091,0.7162,SLEEP,ACTIVE
123,39,15.31,69.55,0.5,normal,87.61,16,0.0,1.0,1.2732,SLEEP,ACTIVE
123,40,31.88,69.2,0.5,normal,82.81,21,0.0,1.0,1.6711,SLEEP,SLEEP
123,41,55.44,38.9,0.5,normal,111.24,12,0.1728,0.8272,0.9549,SLEEP,ACTIVE
123,42,92.51,84.17,0.5,normal,78.37,3,0.2533,0.7467,0.2387,ACTIVE,ACTIVE
123,43,35.74,4.36,0.5,normal,146.34,4,0.4308,0.5692,0.3183,ACTIVE,ACTIVE
123,44,30.48,39.82,0.5,normal,111.9,15,0.0,1.0,1.1937,SLEEP,SLEEP
123,45,70.5,99.54,0.5,normal,54.47,5,0.4468,0.5532,0.3979,ACTIVE,ACTIVE
123,46,35.59,76.25,0.5,normal,75.14,17,0.0,1.0,1.3528,SLEEP,SLEEP
123,47,59.32,69.17,0.5,normal,81.37,18,0.0,1.0,1.4324,SLEEP,SLEEP
123,48,15.11,39.89,0.5,normal,115.51,11,0.0125,0.9875,0.8754,SLEEP,ACTIVE
123,49,24.09,34.35,0.5,normal,118.52,13,0.0,1.0,1.0345,SLEEP,SLEEP
123,50,51.31,66.66,0.5,normal,83.35,21,0.0,1.0,1.6711,SLEEP,ACTIVE
123,51,10.59,13.09,0.5,normal,142.47,3,0.05,0.95,0.2387,SLEEP,SLEEP
123,52,32.2,66.16,0.5,normal,85.71,20,0.0,1.0,1.5915,SLEEP,SLEEP
123,53,84.65,55.33,0.5,normal,100.82,12,0.0123,0.9877,0.9549,SLEEP,ACTIVE
123,54,85.45,38.48,0.5,normal,117.01,12,0.1013,0.8987,0.9549,SLEEP,ACTIVE
123,55,31.68,35.43,0.5,normal,116.03,14,0.0,1.0,1.1141,SLEEP,SLEEP
123,56,17.11,82.91,0.5,normal,74.72,10,0.0127,0.9873,0.7958,SLEEP,SLEEP
123,57,33.87,55.24,0.5,normal,96.13,19,0.0,1.0,1.512,SLEEP,SLEEP
123,58,57.86,52.15,0.5,normal,98.16,15,0.0,1.0,1.1937,SLEEP,SLEEP
123,59,0.27,98.83,0.5,normal,71.35,1,0.4828,0.5172,0.0796,ACTIVE,ACTIVE
123,60,90.53,20.76,0.5,normal,135.44,7,0.0886,0.9114,0.557,SLEEP,ACTIVE
123,61,29.25,52.0,0.5,normal,100.17,16,0.0,1.0,1.2732,SLEEP,SLEEP
123,62,90.19,98.36,0.5,normal,65.43,3,0.74,0.26,0.2387,ACTIVE,ACTIVE
123,63,25.75,56.44,0.5,normal,96.65,18,0.0,1.0,1.4324,SLEEP,SLEEP
123,64,80.7,39.44,0.5,normal,114.75,11,0.0,1.0,0.8754,SLEEP,SLEEP
123,65,73.11,16.11,0.5,normal,135.87,14,0.0,1.0,1.1141,SLEEP,SLEEP
123,66,60.07,86.59,0.5,normal,64.21,13,0.026,0.974,1.0345,SLEEP,SLEEP
123,67,98.35,7.94,0.5,normal,150.07,3,0.2917,0.7083,0.2387,ACTIVE,ACTIVE
123,68,42.83,20.45,0.5,normal,129.74,12,0.0,1.0,0.9549,SLEEP,ACTIVE
123,69,45.06,54.78,0.5,normal,95.35,19,0.0,1.0,1.512,SLEEP,ACTIVE
123,70,9.33,29.69,0.5,normal,127.0,7,0.4487,0.5513,0.557,ACTIVE,ACTIVE
123,71,92.76,56.9,0.5,normal,102.45,7,0.0,1.0,0.557,SLEEP,SLEEP
123,72,45.74,75.35,0.5,normal,74.77,17,0.0,1.0,1.3528,SLEEP,SLEEP
123,73,74.19,4.86,0.5,normal,147.14,9,0.0299,0.9701,0.7162,SLEEP,ACTIVE
123,74,70.87,83.92,0.5,normal,69.29,9,0.125,0.875,0.7162,SLEEP,ACTIVE
123,75,16.59,78.1,0.5,normal,79.28,13,0.0,1.0,1.0345,SLEEP,SLEEP
123,76,28.65,30.65,0.5,normal,121.25,12,0.0123,0.9877,0.9549,SLEEP,ACTIVE
123,77,66.53,11.14,0.5,normal,139.84,11,0.0,1.0,0.8754,SLEEP,ACTIVE
123,78,66.49,88.79,0.5,normal,63.4,6,0.0,1.0,0.4775,SLEEP,SLEEP
123,79,69.63,44.03,0.5,normal,107.77,14,0.0,1.0,1.1141,SLEEP,SLEEP
123,80,43.82,76.51,0.5,normal,73.75,18,0.0,1.0,1.4324,SLEEP,SLEEP
123,81,56.56,8.49,0.5,normal,141.66,10,0.1013,0.8987,0.7958,SLEEP,ACTIVE
123,82,58.27,81.48,0.5,normal,69.01,14,0.0,1.0,1.1141,SLEEP,SLEEP
123,83,33.71,92.76,0.5,normal,59.52,9,0.48,0.52,0.7162,ACTIVE,ACTIVE
123,84,75.07,57.41,0.5,normal,95.93,14,0.0,1.0,1.1141,SLEEP,SLEEP
123,85,75.16,7.91,0.5,normal,144.3,9,0.0,1.0,0.7162,SLEEP,SLEEP
123,86,85.94,82.15,0.5,normal,76.78,4,0.2533,0.7467,0.3183,ACTIVE,ACTIVE
123,87,90.99,12.86,0.5,normal,143.13,8,0.0,1.0,0.6366,SLEEP,SLEEP
123,88,8.18,13.84,0.5,normal,142.44,3,0.0921,0.9079,0.2387,ACTIVE,ACTIVE
123,89,39.94,42.43,0.5,normal,108.04,16,0.0,1.0,1.2732,SLEEP,SLEEP
123,90,56.22,12.22,0.5,normal,137.92,10,0.0,1.0,0.7958,SLEEP,SLEEP
123,91,20.14,81.16,0.5,normal,75.03,12,0.0127,0.9873,0.9549,SLEEP,ACTIVE
123,92,46.8,80.79,0.5,normal,69.28,17,0.0,1.0,1.3528,SLEEP,ACTIVE
123,93,0.74,55.16,0.5,normal,106.87,5,0.0204,0.9796,0.3979,SLEEP,SLEEP
123,94,93.19,58.22,0.5,normal,101.44,6,0.0135,0.9865,0.4775,SLEEP,SLEEP
123,95,20.61,71.78,0.5,normal,83.56,17,0.0,1.0,1.3528,SLEEP,SLEEP
123,96,37.9,66.84,0.5,normal,84.04,19,0.0,1.0,1.512,SLEEP,SLEEP
123,97,2.93,63.59,0.5,normal,98.4,7,0.0,1.0,0.557,SLEEP,SLEEP
123,98,3.22,74.48,0.5,normal,88.84,10,0.2,0.8,0.7958,ACTIVE,ACTIVE
123,99,47.29,12.18,0.5,normal,137.85,10,0.0,1.0,0.7958,SLEEP,SLEEP
456,0,24.88,16.31,1.5,super,136.03,17,0.0,1.0,1.3528,SLEEP,ACTIVE
456,1,78.36,80.85,1.5,super,74.74,7,0.2405,0.7595,0.557,ACTIVE,ACTIVE
456,2,62.56,60.41,1.5,super,90.47,15,0.0,1.0,1.1937,SLEEP,SLEEP
456,3,88.57,75.91,1.5,super,83.53,8,0.0519,0.9481,0.6366,SLEEP,ACTIVE
456,4,18.11,15.02,1.5,super,138.7,15,0.0,1.0,1.1937,SLEEP,SLEEP
456,5,43.57,38.53,1.5,super,111.66,8,0.4684,0.5316,0.6366,ACTIVE,ACTIVE
456,6,57.57,14.61,1.5,super,135.6,9,0.0256,0.9744,0.7162,SLEEP,ACTIVE
456,7,68.66,46.88,1.5,super,104.79,14,0.0,1.0,1.1141,SLEEP,SLEEP
456,8,57.0,64.57,1.5,super,85.72,11,0.0,1.0,0.8754,SLEEP,ACTIVE
456,9,72.33,68.07,1.5,super,84.92,13,0.026,0.974,1.0345,SLEEP,ACTIVE
456,10,18.09,11.82,1.0,advanced,141.82,14,0.0,1.0,1.1141,SLEEP,SLEEP
456,11,24.27,0.82,1.0,advanced,151.38,10,0.0,1.0,0.7958,SLEEP,SLEEP
456,12,36.01,14.6,1.0,advanced,136.12,17,0.0,1.0,1.3528,SLEEP,SLEEP
456,13,54.27,85.71,1.0,advanced,64.43,7,0.0253,0.9747,0.557,SLEEP,ACTIVE
456,14,20.02,13.46,1.0,advanced,139.79,16,0.0,1.0,1.2732,SLEEP,SLEEP
456,15,21.36,97.32,1.0,advanced,59.97,8,0.0847,0.9153,0.6366,SLEEP,ACTIVE
456,16,85.83,53.38,1.0,advanced,103.05,14,0.0,1.0,1.1141,SLEEP,ACTIVE
456,17,43.45,18.72,1.0,advanced,131.44,12,0.1625,0.8375,0.9549,SLEEP,ACTIVE
456,18,28.83,62.72,1.0,advanced,89.81,12,0.025,0.975,0.9549,SLEEP,ACTIVE
456,19,35.57,72.95,1.0,advanced,78.39,13,0.0506,0.9494,1.0345,SLEEP,ACTIVE
456,20,55.7,94.24,1.0,advanced,56.05,5,0.3188,0.6812,0.3979,ACTIVE,ACTIVE
456,21,15.35,89.62,1.0,advanced,69.61,8,0.0,1.0,0.6366,SLEEP,SLEEP
456,22,17.8,59.43,1.0,advanced,96.13,11,0.0128,0.9872,0.8754,SLEEP,SLEEP
456,23,4.26,65.34,1.0,advanced,96.23,8,0.0,1.0,0.6366,SLEEP,SLEEP
456,24,36.67,79.56,1.0,advanced,71.69,12,0.0,1.0,0.9549,SLEEP,ACTIVE
456,25,1.09,48.03,1.0,advanced,113.09,8,0.0,1.0,0.6366,SLEEP,SLEEP
456,26,9.68,12.81,1.0,advanced,142.99,13,0.0,1.0,1.0345,SLEEP,SLEEP
456,27,81.92,60.34,1.0,advanced,95.17,17,0.0,1.0,1.3528,SLEEP,SLEEP
456,28,96.59,69.32,1.0,advanced,93.16,8,0.0,1.0,0.6366,SLEEP,SLEEP
456,29,97.55,51.73,1.0,advanced,109.17,11,0.0175,0.9825,0.8754,SLEEP,SLEEP
456,30,52.49,11.79,0.5,normal,138.23,10,0.0,1.0,0.7958,SLEEP,SLEEP
456,31,33.18,27.24,0.5,normal,123.91,11,0.15,0.85,0.8754,SLEEP,ACTIVE
456,32,86.99,8.69,0.5,normal,146.07,5,0.0641,0.9359,0.3979,SLEEP,ACTIVE
456,33,47.85,83.78,0.5,normal,66.26,11,0.0658,0.9342,0.8754,SLEEP,ACTIVE
456,34,50.98,4.83,0.5,normal,145.17,9,0.0758,0.9242,0.7162,SLEEP,ACTIVE
456,35,61.33,40.83,0.5,normal,109.75,10,0.05,0.95,0.7958,SLEEP,ACTIVE
456,36,71.26,8.86,0.5,normal,142.73,7,0.025,0.975,0.557,SLEEP,SLEEP
456,37,38.18,2.39,0.5,normal,148.08,9,0.0351,0.9649,0.7162,SLEEP,ACTIVE
456,38,38.53,14.21,0.5,normal,136.27,16,0.0,1.0,1.2732,SLEEP,SLEEP
456,39,22.26,79.38,0.5,normal,75.87,13,0.0,1.0,1.0345,SLEEP,ACTIVE
456,40,71.81,48.37,0.5,normal,103.94,16,0.0,1.0,1.2732,SLEEP,SLEEP
456,41,98.02,76.13,0.5,normal,88.11,5,0.1569,0.8431,0.3979,ACTIVE,ACTIVE
456,42,9.08,53.73,0.5,normal,104.61,10,0.0,1.0,0.7958,SLEEP,ACTIVE
456,43,67.79,74.02,0.5,normal,78.04,10,0.013,0.987,0.7958,SLEEP,ACTIVE
456,44,62.76,88.33,0.5,normal,62.98,7,0.0506,0.9494,0.557,SLEEP,SLEEP
456,45,79.99,55.39,0.5,normal,99.24,15,0.0,1.0,1.1937,SLEEP,SLEEP
456,46,87.05,40.92,0.5,normal,115.2,12,0.0,1.0,0.9549,SLEEP,ACTIVE
456,47,6.72,14.11,0.5,normal,142.61,9,0.0548,0.9452,0.7162,SLEEP,ACTIVE
456,48,99.75,19.69,0.5,normal,139.48,5,0.1957,0.8043,0.3979,ACTIVE,ACTIVE
456,49,88.79,64.78,0.5,normal,93.63,12,0.0,1.0,0.9549,SLEEP,SLEEP
456,50,2.77,63.71,0.5,normal,98.37,7,0.0,1.0,0.557,SLEEP,SLEEP
456,51,87.69,16.56,0.5,normal,138.66,8,0.1795,0.8205,0.6366,ACTIVE,ACTIVE
456,52,23.39,26.11,0.5,normal,126.71,12,0.0,1.0,0.9549,SLEEP,SLEEP
456,53,32.27,75.45,0.5,normal,76.63,10,0.0,1.0,0.7958,SLEEP,SLEEP
456,54,8.45,99.08,0.5,normal,65.72,4,0.0,1.0,0.3183,SLEEP,ACTIVE
456,55,14.9,87.54,0.5,normal,71.65,10,0.0375,0.9625,0.7958,SLEEP,ACTIVE
456,56,3.93,11.25,0.5,normal,146.2,6,0.1129,0.8871,0.4775,ACTIVE,ACTIVE
456,57,29.08,90.3,0.5,normal,63.26,12,0.0,1.0,0.9549,SLEEP,SLEEP
456,58,92.03,2.03,0.5,normal,153.83,3,0.2885,0.7115,0.2387,ACTIVE,ACTIVE
456,59,76.19,31.64,0.5,normal,121.23,8,0.3974,0.6026,0.6366,ACTIVE,ACTIVE
456,60,41.92,56.78,0.5,normal,93.57,10,0.0128,0.9872,0.7958,SLEEP,ACTIVE
456,61,69.86,3.14,0.5,normal,148.2,7,0.1186,0.8814,0.557,ACTIVE,ACTIVE
456,62,0.78,74.71,0.5,normal,89.95,6,0.0,1.0,0.4775,SLEEP,ACTIVE
456,63,96.79,29.01,0.5,normal,129.72,6,0.0,1.0,0.4775,SLEEP,SLEEP
456,64,94.21,59.11,0.5,normal,101.07,12,0.0,1.0,0.9549,SLEEP,ACTIVE
456,65,13.54,8.82,0.5,normal,145.82,13,0.0875,0.9125,1.0345,SLEEP,ACTIVE
456,66,62.95,50.46,0.5,normal,100.38,13,0.0,1.0,1.0345,SLEEP,SLEEP
456,67,52.23,62.84,0.5,normal,87.18,11,0.0,1.0,0.8754,SLEEP,SLEEP
456,68,22.54,26.19,0.5,normal,126.82,14,0.0128,0.9872,1.1141,SLEEP,ACTIVE
456,69,56.25,39.15,0.5,normal,111.03,8,0.1013,0.8987,0.6366,SLEEP,ACTIVE
456,70,70.8,21.35,0.5,normal,130.32,6,0.1375,0.8625,0.4775,ACTIVE,ACTIVE
456,71,28.55,84.77,0.5,normal,68.67,13,0.0,1.0,1.0345,SLEEP,SLEEP
456,72,46.16,7.44,0.5,normal,142.61,9,0.0,1.0,0.7162,SLEEP,SLEEP
456,73,86.0,42.03,0.5,normal,113.81,13,0.0,1.0,1.0345,SLEEP,SLEEP
456,74,52.49,65.17,0.5,normal,84.87,12,0.05,0.95,0.9549,SLEEP,ACTIVE
456,75,37.1,98.61,0.5,normal,52.98,7,0.4706,0.5294,0.557,ACTIVE,ACTIVE
456,76,27.73,68.14,0.5,normal,84.84,12,0.0,1.0,0.9549,SLEEP,SLEEP
456,77,54.52,52.71,0.5,normal,97.39,14,0.0127,0.9873,1.1141,SLEEP,ACTIVE
456,78,0.77,75.76,0.5,normal,89.08,6,0.0,1.0,0.4775,SLEEP,SLEEP
456,79,20.16,74.04,0.5,normal,81.61,16,0.0133,0.9867,1.2732,SLEEP,SLEEP
456,80,11.48,44.58,0.5,normal,112.24,7,0.0127,0.9873,0.557,SLEEP,SLEEP
456,81,27.85,21.04,0.5,normal,130.85,14,0.0,1.0,1.1141,SLEEP,SLEEP
456,82,36.51,79.58,0.5,normal,71.7,12,0.0,1.0,0.9549,SLEEP,SLEEP
456,83,8.98,66.09,0.5,normal,93.4,11,0.0,1.0,0.8754,SLEEP,ACTIVE
456,84,22.3,46.08,0.5,normal,107.54,9,0.2987,0.7013,0.7162,ACTIVE,ACTIVE
456,85,62.06,16.0,0.5,normal,134.54,8,0.0,1.0,0.6366,SLEEP,SLEEP
456,86,92.85,65.02,0.5,normal,95.17,10,0.0,1.0,0.7958,SLEEP,SLEEP
456,87,56.29,53.62,0.5,normal,96.59,14,0.0,1.0,1.1141,SLEEP,SLEEP
456,88,73.9,94.23,0.5,normal,60.67,3,0.5522,0.4478,0.2387,ACTIVE,ACTIVE
456,89,26.96,5.27,0.5,normal,146.56,13,0.0,1.0,1.0345,SLEEP,ACTIVE
456,90,17.09,49.39,0.5,normal,105.86,9,0.0,1.0,0.7162,SLEEP,SLEEP
456,91,71.14,51.68,0.5,normal,100.57,15,0.0,1.0,1.1937,SLEEP,ACTIVE
456,92,22.49,23.01,0.5,normal,129.93,14,0.0,1.0,1.1141,SLEEP,SLEEP
456,93,95.41,33.6,0.5,normal,124.94,8,0.0149,0.9851,0.6366,SLEEP,ACTIVE
456,94,68.03,73.42,0.5,normal,78.67,10,0.0,1.0,0.7958,SLEEP,SLEEP
456,95,38.52,53.0,0.5,normal,97.68,9,0.0875,0.9125,0.7162,SLEEP,ACTIVE
456,96,11.34,45.33,0.5,normal,111.58,7,0.0,1.0,0.557,SLEEP,SLEEP
456,97,5.13,39.87,0.5,normal,118.92,6,0.3088,0.6912,0.4775,ACTIVE,ACTIVE
456,98,91.28,45.1,0.5,normal,112.73,12,0.0,1.0,0.9549,SLEEP,ACTIVE
456,99,6.67,99.9,0.5,normal,66.23,4,0.0,1.0,0.3183,SLEEP,SLEEP
